2026-07-03 07:17:32.213 | INFO     | __main__:main:317 - ============================================================
2026-07-03 07:17:32.214 | INFO     | __main__:main:318 -   POLYMARKET BOT
2026-07-03 07:17:32.214 | INFO     | __main__:main:319 -   Mode:   LIVE
2026-07-03 07:17:32.214 | INFO     | __main__:main:320 -   Assets: BTC, ETH
2026-07-03 07:17:32.214 | INFO     | __main__:main:321 -   Account: $1,000.00
2026-07-03 07:17:32.214 | INFO     | __main__:main:322 - ============================================================
2026-07-03 07:17:32.214 | INFO     | polymarket_bot.clob_client:start:213 - ClobBookCache: WebSocket streaming started
2026-07-03 07:17:32.214 | INFO     | __main__:main:335 - Warming up WebSocket feeds (3s)...
2026-07-03 07:17:32.214 | INFO     | polymarket_bot.price_feed:_listen_loop:131 - Connecting to Bybit WebSocket at wss://stream.bybit.com/v5/public/spot...
2026-07-03 07:17:32.581 | INFO     | polymarket_bot.clob_client:_stream_loop:232 - ClobBookCache: Polymarket WS connected
2026-07-03 07:17:33.802 | INFO     | polymarket_bot.price_feed:_listen_loop:134 - Connected to Bybit public Spot WebSocket.
2026-07-03 07:17:33.804 | INFO     | polymarket_bot.price_feed:_listen_loop:139 - Subscribed to Bybit orderbook + trade topics: ['orderbook.1.BTCUSDT', 'orderbook.1.ETHUSDT', 'publicTrade.BTCUSDT', 'publicTrade.ETHUSDT']
2026-07-03 07:17:35.299 | INFO     | polymarket_bot.dashboard:start_dashboard:764 - 🟢 Dashboard UI running on http://0.0.0.0:8080
2026-07-03 07:17:35.300 | INFO     | __main__:trade_loop:52 - Trade loop started
2026-07-03 07:17:35.305 | INFO     | __main__:monitor_loop:258 - Position monitor loop started
2026-07-03 07:17:36.062 | INFO     | polymarket_bot.market:_fetch_market_by_slug:134 -   📍 ETH market found via slug | UP=5251948065... DOWN=1000051637... | liquidity=$6782
2026-07-03 07:17:36.348 | INFO     | polymarket_bot.market:_fetch_market_by_slug:134 -   📍 BTC market found via slug | UP=4385509856... DOWN=5829613974... | liquidity=$16885
2026-07-03 07:17:36.350 | INFO     | polymarket_bot.clob_client:subscribe:195 - ClobBookCache: Token subscription list changed. Reconnecting to WS...
2026-07-03 07:17:36.833 | INFO     | polymarket_bot.clob_client:_stream_loop:232 - ClobBookCache: Polymarket WS connected
2026-07-03 07:17:36.833 | INFO     | polymarket_bot.clob_client:_stream_loop:240 - ClobBookCache: Subscribed to 4 tokens on connect
2026-07-03 07:17:36.972 | INFO     | __main__:trade_loop:243 - Heartbeat | Cash=$1000.00 PnL=$+1.45 (W/L: 24/0) | Elapsed: 155s | BTC: Spot=$61,763.85 (Mom=$+0.00) | YES=$0.505 ($0.50/0.51) NO=$0.495 ($0.49/0.50) | ETH: Spot=$1,718.30 (Mom=$-0.27) | YES=$0.505 ($0.50/0.51) NO=$0.495 ($0.49/0.50)
2026-07-03 07:17:47.218 | INFO     | __main__:trade_loop:191 - 📡 Signal approved: MOMENTUM_LONG ETH: UP/YES @ 0.505 | momentum=$+1.03 | implied_prob=50.50% | conf=35% | Expected slippage: $0.0000
2026-07-03 07:17:49.065 | INFO     | polymarket_bot.clob_client:_build_client:155 - CLOB: Authenticated successfully (L1+L2)
2026-07-03 07:17:49.885 | ERROR    | polymarket_bot.clob_client:place_limit_order:384 - CLOB: Order placement failed: PolyApiException[status_code=400, error_message={'error': 'maker address not allowed, please use the deposit wallet flow'}]
👉 Polymarket requires the deposit wallet flow for this account. Please update your environment variables (.env):
  1. Set POLYMARKET_SIGNATURE_TYPE=1 (or 3 for POLY_1271 / Privy)
  2. Set POLYMARKET_FUNDER=<your Polymarket deposit/proxy wallet address>
2026-07-03 07:17:49.885 | ERROR    | polymarket_bot.execution:_execute_live:139 - Live execution: no orders placed for ETH
2026-07-03 07:17:54.918 | INFO     | __main__:trade_loop:191 - 📡 Signal approved: MOMENTUM_LONG BTC: UP/YES @ 0.505 | momentum=$+37.00 | implied_prob=50.50% | conf=35% | Expected slippage: $0.0000
2026-07-03 07:17:55.957 | ERROR    | polymarket_bot.clob_client:place_limit_order:384 - CLOB: Order placement failed: PolyApiException[status_code=400, error_message={'error': 'maker address not allowed, please use the deposit wallet flow'}]
👉 Polymarket requires the deposit wallet flow for this account. Please update your environment variables (.env):
  1. Set POLYMARKET_SIGNATURE_TYPE=1 (or 3 for POLY_1271 / Privy)
  2. Set POLYMARKET_FUNDER=<your Polymarket deposit/proxy wallet address>
2026-07-03 07:17:55.958 | ERROR    | polymarket_bot.execution:_execute_live:139 - Live execution: no orders placed for BTC
2026-07-03 07:17:55.958 | INFO     | __main__:trade_loop:191 - 📡 Signal approved: MOMENTUM_LONG ETH: UP/YES @ 0.505 | momentum=$+1.67 | implied_prob=50.50% | conf=43% | Expected slippage: $0.0000
2026-07-03 07:17:56.114 | ERROR    | polymarket_bot.clob_client:place_limit_order:384 - CLOB: Order placement failed: PolyApiException[status_code=400, error_message={'error': 'maker address not allowed, please use the deposit wallet flow'}]
👉 Polymarket requires the deposit wallet flow for this account. Please update your environment variables (.env):
  1. Set POLYMARKET_SIGNATURE_TYPE=1 (or 3 for POLY_1271 / Privy)
  2. Set POLYMARKET_FUNDER=<your Polymarket deposit/proxy wallet address>
2026-07-03 07:17:56.114 | ERROR    | polymarket_bot.execution:_execute_live:139 - Live execution: no orders placed for ETH
2026-07-03 07:18:11.532 | INFO     | __main__:trade_loop:243 - Heartbeat | Cash=$1000.00 PnL=$+1.45 (W/L: 24/0) | Elapsed: 191s | BTC: Spot=$61,784.25 (Mom=$+20.40) | YES=$0.505 ($0.50/0.51) NO=$0.495 ($0.49/0.50) | ETH: Spot=$1,719.97 (Mom=$+1.67) | YES=$0.505 ($0.50/0.51) NO=$0.495 ($0.49/0.50)
2026-07-03 07:18:30.322 | INFO     | __main__:main:317 - ============================================================
2026-07-03 07:18:30.323 | INFO     | __main__:main:318 -   POLYMARKET BOT
2026-07-03 07:18:30.323 | INFO     | __main__:main:319 -   Mode:   LIVE
2026-07-03 07:18:30.323 | INFO     | __main__:main:320 -   Assets: BTC, ETH
2026-07-03 07:18:30.323 | INFO     | __main__:main:321 -   Account: $1,000.00
2026-07-03 07:18:30.323 | INFO     | __main__:main:322 - ============================================================
2026-07-03 07:18:30.323 | INFO     | polymarket_bot.clob_client:start:213 - ClobBookCache: WebSocket streaming started
2026-07-03 07:18:30.324 | INFO     | __main__:main:335 - Warming up WebSocket feeds (3s)...
2026-07-03 07:18:30.324 | INFO     | polymarket_bot.price_feed:_listen_loop:131 - Connecting to Bybit WebSocket at wss://stream.bybit.com/v5/public/spot...
2026-07-03 07:18:30.641 | INFO     | polymarket_bot.clob_client:_stream_loop:232 - ClobBookCache: Polymarket WS connected
2026-07-03 07:18:31.340 | INFO     | polymarket_bot.price_feed:_listen_loop:134 - Connected to Bybit public Spot WebSocket.
2026-07-03 07:18:31.340 | INFO     | polymarket_bot.price_feed:_listen_loop:139 - Subscribed to Bybit orderbook + trade topics: ['orderbook.1.BTCUSDT', 'orderbook.1.ETHUSDT', 'publicTrade.BTCUSDT', 'publicTrade.ETHUSDT']
2026-07-03 07:18:33.368 | INFO     | polymarket_bot.dashboard:start_dashboard:764 - 🟢 Dashboard UI running on http://0.0.0.0:8080
2026-07-03 07:18:33.368 | INFO     | __main__:trade_loop:52 - Trade loop started
2026-07-03 07:18:33.372 | INFO     | __main__:monitor_loop:258 - Position monitor loop started
2026-07-03 07:18:33.514 | INFO     | polymarket_bot.market:_fetch_market_by_slug:134 -   📍 BTC market found via slug | UP=4385509856... DOWN=5829613974... | liquidity=$16885
2026-07-03 07:18:33.533 | INFO     | polymarket_bot.market:_fetch_market_by_slug:134 -   📍 ETH market found via slug | UP=5251948065... DOWN=1000051637... | liquidity=$6782
2026-07-03 07:18:33.546 | INFO     | polymarket_bot.clob_client:subscribe:195 - ClobBookCache: Token subscription list changed. Reconnecting to WS...
2026-07-03 07:18:34.132 | INFO     | __main__:trade_loop:243 - Heartbeat | Cash=$1000.00 PnL=$+1.45 (W/L: 24/0) | Elapsed: 213s | BTC: Spot=$61,779.65 (Mom=$+0.00) | YES=$0.505 ($0.50/0.51) NO=$0.495 ($0.49/0.50) | ETH: Spot=$1,719.74 (Mom=$+0.00) | YES=$0.495 ($0.49/0.50) NO=$0.505 ($0.50/0.51)
2026-07-03 07:18:34.165 | INFO     | polymarket_bot.clob_client:_stream_loop:232 - ClobBookCache: Polymarket WS connected
2026-07-03 07:18:34.166 | INFO     | polymarket_bot.clob_client:_stream_loop:240 - ClobBookCache: Subscribed to 4 tokens on connect
2026-07-03 07:19:04.699 | INFO     | __main__:trade_loop:243 - Heartbeat | Cash=$1000.00 PnL=$+1.45 (W/L: 24/0) | Elapsed: 245s | BTC: Spot=$61,760.75 (Mom=$-18.90) | YES=$0.505 ($0.50/0.51) NO=$0.495 ($0.49/0.50) | ETH: Spot=$1,718.80 (Mom=$-0.95) | YES=$0.485 ($0.48/0.49) NO=$0.515 ($0.51/0.52)
2026-07-03 07:19:35.277 | INFO     | __main__:trade_loop:243 - Heartbeat | Cash=$1000.00 PnL=$+1.45 (W/L: 24/0) | Elapsed: 275s | BTC: Spot=$61,760.75 (Mom=$+0.00) | YES=$0.485 ($0.48/0.49) NO=$0.515 ($0.51/0.52) | ETH: Spot=$1,718.61 (Mom=$-0.18) | YES=$0.485 ($0.48/0.49) NO=$0.515 ($0.51/0.52)
2026-07-03 07:20:01.190 | INFO     | polymarket_bot.market:_fetch_market_by_slug:134 -   📍 BTC market found via slug | UP=5995685910... DOWN=4018015189... | liquidity=$13887
2026-07-03 07:20:01.195 | INFO     | polymarket_bot.market:_fetch_market_by_slug:134 -   📍 ETH market found via slug | UP=2052478365... DOWN=9680544790... | liquidity=$5757
2026-07-03 07:20:01.207 | INFO     | polymarket_bot.clob_client:subscribe:195 - ClobBookCache: Token subscription list changed. Reconnecting to WS...
2026-07-03 07:20:01.711 | INFO     | polymarket_bot.clob_client:_stream_loop:232 - ClobBookCache: Polymarket WS connected
2026-07-03 07:20:01.712 | INFO     | polymarket_bot.clob_client:_stream_loop:240 - ClobBookCache: Subscribed to 4 tokens on connect
2026-07-03 07:20:06.513 | INFO     | __main__:trade_loop:243 - Heartbeat | Cash=$1000.00 PnL=$+1.45 (W/L: 24/0) | Elapsed: 7s | BTC: Spot=$61,737.35 (Mom=$-23.40) | YES=$0.505 ($0.50/0.51) NO=$0.495 ($0.49/0.50) | ETH: Spot=$1,717.72 (Mom=$-0.90) | YES=$0.505 ($0.50/0.51) NO=$0.495 ($0.49/0.50)
2026-07-03 07:20:37.266 | INFO     | __main__:trade_loop:243 - Heartbeat | Cash=$1000.00 PnL=$+1.45 (W/L: 24/0) | Elapsed: 37s | BTC: Spot=$61,733.55 (Mom=$-3.80) | YES=$0.505 ($0.50/0.51) NO=$0.495 ($0.49/0.50) | ETH: Spot=$1,717.70 (Mom=$+0.15) | YES=$0.505 ($0.50/0.51) NO=$0.495 ($0.49/0.50)
2026-07-03 07:21:07.912 | INFO     | __main__:trade_loop:243 - Heartbeat | Cash=$1000.00 PnL=$+1.45 (W/L: 24/0) | Elapsed: 68s | BTC: Spot=$61,709.55 (Mom=$-24.00) | YES=$0.505 ($0.50/0.51) NO=$0.495 ($0.49/0.50) | ETH: Spot=$1,716.84 (Mom=$-0.86) | YES=$0.505 ($0.50/0.51) NO=$0.495 ($0.49/0.50)
2026-07-03 07:21:38.550 | INFO     | __main__:trade_loop:243 - Heartbeat | Cash=$1000.00 PnL=$+1.45 (W/L: 24/0) | Elapsed: 99s | BTC: Spot=$61,703.65 (Mom=$-9.30) | YES=$0.515 ($0.51/0.52) NO=$0.485 ($0.48/0.49) | ETH: Spot=$1,715.99 (Mom=$-0.88) | YES=$0.505 ($0.50/0.51) NO=$0.495 ($0.49/0.50)
2026-07-03 07:22:09.176 | INFO     | __main__:trade_loop:243 - Heartbeat | Cash=$1000.00 PnL=$+1.45 (W/L: 24/0) | Elapsed: 129s | BTC: Spot=$61,706.55 (Mom=$+2.90) | YES=$0.515 ($0.51/0.52) NO=$0.485 ($0.48/0.49) | ETH: Spot=$1,716.26 (Mom=$+0.27) | YES=$0.505 ($0.50/0.51) NO=$0.495 ($0.49/0.50)
2026-07-03 07:22:40.729 | INFO     | __main__:main:317 - ============================================================
2026-07-03 07:22:40.729 | INFO     | __main__:main:318 -   POLYMARKET BOT
2026-07-03 07:22:40.729 | INFO     | __main__:main:319 -   Mode:   LIVE
2026-07-03 07:22:40.730 | INFO     | __main__:main:320 -   Assets: BTC, ETH
2026-07-03 07:22:40.730 | INFO     | __main__:main:321 -   Account: $120.98
2026-07-03 07:22:40.730 | INFO     | __main__:main:322 - ============================================================
2026-07-03 07:22:40.730 | INFO     | polymarket_bot.clob_client:start:213 - ClobBookCache: WebSocket streaming started
2026-07-03 07:22:40.730 | INFO     | __main__:main:335 - Warming up WebSocket feeds (3s)...
2026-07-03 07:22:40.730 | INFO     | polymarket_bot.price_feed:_listen_loop:131 - Connecting to Bybit WebSocket at wss://stream.bybit.com/v5/public/spot...
2026-07-03 07:22:41.138 | INFO     | polymarket_bot.clob_client:_stream_loop:232 - ClobBookCache: Polymarket WS connected
2026-07-03 07:22:42.124 | INFO     | polymarket_bot.price_feed:_listen_loop:134 - Connected to Bybit public Spot WebSocket.
2026-07-03 07:22:42.125 | INFO     | polymarket_bot.price_feed:_listen_loop:139 - Subscribed to Bybit orderbook + trade topics: ['orderbook.1.BTCUSDT', 'orderbook.1.ETHUSDT', 'publicTrade.BTCUSDT', 'publicTrade.ETHUSDT']
2026-07-03 07:22:43.782 | INFO     | polymarket_bot.dashboard:start_dashboard:764 - 🟢 Dashboard UI running on http://0.0.0.0:8080
2026-07-03 07:22:43.783 | INFO     | __main__:trade_loop:52 - Trade loop started
2026-07-03 07:22:43.791 | INFO     | __main__:monitor_loop:258 - Position monitor loop started
2026-07-03 07:22:44.018 | INFO     | polymarket_bot.market:_fetch_market_by_slug:134 -   📍 ETH market found via slug | UP=2052478365... DOWN=9680544790... | liquidity=$5757
2026-07-03 07:22:44.257 | INFO     | polymarket_bot.market:_fetch_market_by_slug:134 -   📍 BTC market found via slug | UP=5995685910... DOWN=4018015189... | liquidity=$16783
2026-07-03 07:22:44.259 | INFO     | polymarket_bot.clob_client:subscribe:195 - ClobBookCache: Token subscription list changed. Reconnecting to WS...
2026-07-03 07:22:44.740 | INFO     | __main__:trade_loop:243 - Heartbeat | Cash=$120.98 PnL=$+0.00 (W/L: 0/0) | Elapsed: 164s | BTC: Spot=$61,702.25 (Mom=$+0.00) | YES=$0.515 ($0.51/0.52) NO=$0.485 ($0.48/0.49) | ETH: Spot=$1,716.20 (Mom=$+0.16) | YES=$0.505 ($0.50/0.51) NO=$0.495 ($0.49/0.50)
2026-07-03 07:22:44.767 | INFO     | polymarket_bot.clob_client:_stream_loop:232 - ClobBookCache: Polymarket WS connected
2026-07-03 07:22:44.768 | INFO     | polymarket_bot.clob_client:_stream_loop:240 - ClobBookCache: Subscribed to 4 tokens on connect
2026-07-03 07:23:15.309 | INFO     | __main__:trade_loop:243 - Heartbeat | Cash=$120.98 PnL=$+0.00 (W/L: 0/0) | Elapsed: 195s | BTC: Spot=$61,695.85 (Mom=$-6.40) | YES=$0.515 ($0.51/0.52) NO=$0.485 ($0.48/0.49) | ETH: Spot=$1,715.49 (Mom=$-0.70) | YES=$0.505 ($0.50/0.51) NO=$0.495 ($0.49/0.50)
2026-07-03 07:23:45.898 | INFO     | __main__:trade_loop:243 - Heartbeat | Cash=$120.98 PnL=$+0.00 (W/L: 0/0) | Elapsed: 226s | BTC: Spot=$61,694.85 (Mom=$-1.00) | YES=$0.515 ($0.51/0.52) NO=$0.485 ($0.48/0.49) | ETH: Spot=$1,715.66 (Mom=$+0.17) | YES=$0.495 ($0.49/0.50) NO=$0.505 ($0.50/0.51)
2026-07-03 07:24:16.519 | INFO     | __main__:trade_loop:243 - Heartbeat | Cash=$120.98 PnL=$+0.00 (W/L: 0/0) | Elapsed: 256s | BTC: Spot=$61,690.85 (Mom=$-4.00) | YES=$0.505 ($0.50/0.51) NO=$0.495 ($0.49/0.50) | ETH: Spot=$1,715.49 (Mom=$-0.17) | YES=$0.500 ($0.49/0.51) NO=$0.500 ($0.49/0.51)
2026-07-03 07:24:47.091 | INFO     | __main__:trade_loop:243 - Heartbeat | Cash=$120.98 PnL=$+0.00 (W/L: 0/0) | Elapsed: 287s | BTC: Spot=$61,689.95 (Mom=$-0.90) | YES=$0.495 ($0.49/0.50) NO=$0.505 ($0.50/0.51) | ETH: Spot=$1,715.01 (Mom=$-0.49) | YES=$0.495 ($0.49/0.50) NO=$0.505 ($0.50/0.51)
2026-07-03 07:25:02.820 | INFO     | polymarket_bot.market:_fetch_market_by_slug:134 -   📍 BTC market found via slug | UP=6407921840... DOWN=9834830271... | liquidity=$13803
2026-07-03 07:25:02.972 | INFO     | polymarket_bot.market:_fetch_market_by_slug:134 -   📍 ETH market found via slug | UP=3970673454... DOWN=1061870983... | liquidity=$5796
2026-07-03 07:25:02.973 | INFO     | polymarket_bot.clob_client:subscribe:195 - ClobBookCache: Token subscription list changed. Reconnecting to WS...
2026-07-03 07:25:03.393 | INFO     | polymarket_bot.clob_client:_stream_loop:232 - ClobBookCache: Polymarket WS connected
2026-07-03 07:25:03.393 | INFO     | polymarket_bot.clob_client:_stream_loop:240 - ClobBookCache: Subscribed to 4 tokens on connect
2026-07-03 07:25:18.507 | INFO     | __main__:trade_loop:243 - Heartbeat | Cash=$120.98 PnL=$+0.00 (W/L: 0/0) | Elapsed: 18s | BTC: Spot=$61,729.15 (Mom=$+39.20) | YES=$0.505 ($0.50/0.51) NO=$0.495 ($0.49/0.50) | ETH: Spot=$1,715.86 (Mom=$+0.85) | YES=$0.505 ($0.50/0.51) NO=$0.495 ($0.49/0.50)
2026-07-03 07:25:49.164 | INFO     | __main__:trade_loop:243 - Heartbeat | Cash=$120.98 PnL=$+0.00 (W/L: 0/0) | Elapsed: 49s | BTC: Spot=$61,723.95 (Mom=$-5.20) | YES=$0.505 ($0.50/0.51) NO=$0.495 ($0.49/0.50) | ETH: Spot=$1,716.38 (Mom=$+0.52) | YES=$0.505 ($0.50/0.51) NO=$0.495 ($0.49/0.50)
2026-07-03 07:26:20.089 | INFO     | __main__:trade_loop:243 - Heartbeat | Cash=$120.98 PnL=$+0.00 (W/L: 0/0) | Elapsed: 80s | BTC: Spot=$61,723.95 (Mom=$+0.00) | YES=$0.505 ($0.50/0.51) NO=$0.495 ($0.49/0.50) | ETH: Spot=$1,716.41 (Mom=$+0.03) | YES=$0.505 ($0.50/0.51) NO=$0.495 ($0.49/0.50)
2026-07-03 07:26:50.826 | INFO     | __main__:trade_loop:243 - Heartbeat | Cash=$120.98 PnL=$+0.00 (W/L: 0/0) | Elapsed: 111s | BTC: Spot=$61,717.65 (Mom=$-6.30) | YES=$0.505 ($0.50/0.51) NO=$0.495 ($0.49/0.50) | ETH: Spot=$1,716.30 (Mom=$-0.10) | YES=$0.505 ($0.50/0.51) NO=$0.495 ($0.49/0.50)
2026-07-03 07:27:21.555 | INFO     | __main__:trade_loop:243 - Heartbeat | Cash=$120.98 PnL=$+0.00 (W/L: 0/0) | Elapsed: 142s | BTC: Spot=$61,712.65 (Mom=$-5.00) | YES=$0.505 ($0.50/0.51) NO=$0.495 ($0.49/0.50) | ETH: Spot=$1,716.28 (Mom=$-0.02) | YES=$0.505 ($0.50/0.51) NO=$0.495 ($0.49/0.50)
2026-07-03 07:27:52.299 | INFO     | __main__:trade_loop:243 - Heartbeat | Cash=$120.98 PnL=$+0.00 (W/L: 0/0) | Elapsed: 172s | BTC: Spot=$61,714.35 (Mom=$+1.70) | YES=$0.505 ($0.50/0.51) NO=$0.495 ($0.49/0.50) | ETH: Spot=$1,716.36 (Mom=$+0.07) | YES=$0.505 ($0.50/0.51) NO=$0.495 ($0.49/0.50)
2026-07-03 07:28:23.013 | INFO     | __main__:trade_loop:243 - Heartbeat | Cash=$120.98 PnL=$+0.00 (W/L: 0/0) | Elapsed: 203s | BTC: Spot=$61,718.25 (Mom=$+3.90) | YES=$0.505 ($0.50/0.51) NO=$0.495 ($0.49/0.50) | ETH: Spot=$1,716.57 (Mom=$+0.21) | YES=$0.505 ($0.50/0.51) NO=$0.495 ($0.49/0.50)
2026-07-03 07:28:53.742 | INFO     | __main__:trade_loop:243 - Heartbeat | Cash=$120.98 PnL=$+0.00 (W/L: 0/0) | Elapsed: 234s | BTC: Spot=$61,720.35 (Mom=$+0.00) | YES=$0.490 ($0.48/0.50) NO=$0.510 ($0.50/0.52) | ETH: Spot=$1,716.89 (Mom=$+0.22) | YES=$0.505 ($0.50/0.51) NO=$0.495 ($0.49/0.50)
2026-07-03 07:29:24.527 | INFO     | __main__:trade_loop:243 - Heartbeat | Cash=$120.98 PnL=$+0.00 (W/L: 0/0) | Elapsed: 265s | BTC: Spot=$61,712.25 (Mom=$-1.90) | YES=$0.445 ($0.42/0.47) NO=$0.555 ($0.53/0.58) | ETH: Spot=$1,716.34 (Mom=$-0.50) | YES=$0.505 ($0.50/0.51) NO=$0.495 ($0.49/0.50)
2026-07-03 07:29:55.347 | INFO     | __main__:trade_loop:243 - Heartbeat | Cash=$120.98 PnL=$+0.00 (W/L: 0/0) | Elapsed: 295s | BTC: Spot=$61,717.85 (Mom=$+5.60) | YES=$0.495 ($0.49/0.50) NO=$0.505 ($0.50/0.51) | ETH: Spot=$1,716.78 (Mom=$+0.45) | YES=$0.495 ($0.49/0.50) NO=$0.505 ($0.50/0.51)
2026-07-03 07:30:01.014 | INFO     | polymarket_bot.market:_fetch_market_by_slug:134 -   📍 ETH market found via slug | UP=3663777290... DOWN=5945683628... | liquidity=$5742
2026-07-03 07:30:01.034 | INFO     | polymarket_bot.market:_fetch_market_by_slug:134 -   📍 BTC market found via slug | UP=1064738181... DOWN=1094382148... | liquidity=$13769
2026-07-03 07:30:01.038 | INFO     | polymarket_bot.clob_client:subscribe:195 - ClobBookCache: Token subscription list changed. Reconnecting to WS...
2026-07-03 07:30:01.693 | INFO     | polymarket_bot.clob_client:_stream_loop:232 - ClobBookCache: Polymarket WS connected
2026-07-03 07:30:01.694 | INFO     | polymarket_bot.clob_client:_stream_loop:240 - ClobBookCache: Subscribed to 4 tokens on connect
2026-07-03 07:30:26.928 | INFO     | __main__:trade_loop:243 - Heartbeat | Cash=$120.98 PnL=$+0.00 (W/L: 0/0) | Elapsed: 27s | BTC: Spot=$61,735.95 (Mom=$+18.10) | YES=$0.505 ($0.50/0.51) NO=$0.495 ($0.49/0.50) | ETH: Spot=$1,717.22 (Mom=$+0.43) | YES=$0.505 ($0.50/0.51) NO=$0.495 ($0.49/0.50)
2026-07-03 07:30:52.666 | INFO     | __main__:trade_loop:191 - 📡 Signal approved: MOMENTUM_LONG BTC: UP/YES @ 0.505 | momentum=$+32.20 | implied_prob=50.50% | conf=13% | Expected slippage: $0.0000
2026-07-03 07:30:53.844 | INFO     | polymarket_bot.clob_client:_build_client:155 - CLOB: Authenticated successfully (L1+L2)
2026-07-03 07:30:54.991 | ERROR    | polymarket_bot.clob_client:place_limit_order:391 - CLOB: Order placement failed: PolyApiException[status_code=400, error_message={'error': 'the order signer address has to be the address of the API KEY'}]
2026-07-03 07:30:54.991 | ERROR    | polymarket_bot.execution:_execute_live:139 - Live execution: no orders placed for BTC
2026-07-03 07:30:54.994 | INFO     | __main__:trade_loop:191 - 📡 Signal approved: MOMENTUM_LONG ETH: UP/YES @ 0.505 | momentum=$+0.91 | implied_prob=50.50% | conf=14% | Expected slippage: $0.0000
2026-07-03 07:30:55.610 | ERROR    | polymarket_bot.clob_client:place_limit_order:391 - CLOB: Order placement failed: PolyApiException[status_code=400, error_message={'error': 'the order signer address has to be the address of the API KEY'}]
2026-07-03 07:30:55.610 | ERROR    | polymarket_bot.execution:_execute_live:139 - Live execution: no orders placed for ETH
2026-07-03 07:31:00.619 | INFO     | __main__:trade_loop:191 - 📡 Signal approved: MOMENTUM_LONG BTC: UP/YES @ 0.505 | momentum=$+36.10 | implied_prob=50.50% | conf=10% | Expected slippage: $0.0000
2026-07-03 07:31:00.970 | ERROR    | polymarket_bot.clob_client:place_limit_order:391 - CLOB: Order placement failed: PolyApiException[status_code=400, error_message={'error': 'the order signer address has to be the address of the API KEY'}]
2026-07-03 07:31:00.970 | ERROR    | polymarket_bot.execution:_execute_live:139 - Live execution: no orders placed for BTC
2026-07-03 07:31:00.972 | INFO     | __main__:trade_loop:191 - 📡 Signal approved: MOMENTUM_LONG ETH: UP/YES @ 0.505 | momentum=$+1.12 | implied_prob=50.50% | conf=18% | Expected slippage: $0.0000
2026-07-03 07:31:01.255 | ERROR    | polymarket_bot.clob_client:place_limit_order:391 - CLOB: Order placement failed: PolyApiException[status_code=400, error_message={'error': 'the order signer address has to be the address of the API KEY'}]
2026-07-03 07:31:01.255 | ERROR    | polymarket_bot.execution:_execute_live:139 - Live execution: no orders placed for ETH
2026-07-03 07:31:01.260 | INFO     | __main__:trade_loop:243 - Heartbeat | Cash=$120.98 PnL=$+0.00 (W/L: 0/0) | Elapsed: 61s | BTC: Spot=$61,755.75 (Mom=$+14.10) | YES=$0.505 ($0.50/0.51) NO=$0.495 ($0.49/0.50) | ETH: Spot=$1,717.91 (Mom=$+0.69) | YES=$0.505 ($0.50/0.51) NO=$0.495 ($0.49/0.50)
2026-07-03 07:31:06.505 | INFO     | __main__:trade_loop:191 - 📡 Signal approved: MOMENTUM_LONG BTC: UP/YES @ 0.505 | momentum=$+38.60 | implied_prob=50.50% | conf=11% | Expected slippage: $0.0000
2026-07-03 07:31:06.848 | ERROR    | polymarket_bot.clob_client:place_limit_order:391 - CLOB: Order placement failed: PolyApiException[status_code=400, error_message={'error': 'the order signer address has to be the address of the API KEY'}]
2026-07-03 07:31:06.849 | ERROR    | polymarket_bot.execution:_execute_live:139 - Live execution: no orders placed for BTC
2026-07-03 07:31:06.850 | INFO     | __main__:trade_loop:191 - 📡 Signal approved: MOMENTUM_LONG ETH: UP/YES @ 0.505 | momentum=$+1.28 | implied_prob=50.50% | conf=19% | Expected slippage: $0.0000
2026-07-03 07:31:07.020 | ERROR    | polymarket_bot.clob_client:place_limit_order:391 - CLOB: Order placement failed: PolyApiException[status_code=400, error_message={'error': 'the order signer address has to be the address of the API KEY'}]
2026-07-03 07:31:07.020 | ERROR    | polymarket_bot.execution:_execute_live:139 - Live execution: no orders placed for ETH
2026-07-03 07:31:12.024 | INFO     | __main__:trade_loop:191 - 📡 Signal approved: MOMENTUM_LONG BTC: UP/YES @ 0.505 | momentum=$+44.70 | implied_prob=50.50% | conf=19% | Expected slippage: $0.0000
2026-07-03 07:31:12.296 | ERROR    | polymarket_bot.clob_client:place_limit_order:391 - CLOB: Order placement failed: PolyApiException[status_code=400, error_message={'error': 'the order signer address has to be the address of the API KEY'}]
2026-07-03 07:31:12.296 | ERROR    | polymarket_bot.execution:_execute_live:139 - Live execution: no orders placed for BTC
2026-07-03 07:31:12.297 | INFO     | __main__:trade_loop:191 - 📡 Signal approved: MOMENTUM_LONG ETH: UP/YES @ 0.505 | momentum=$+1.60 | implied_prob=50.50% | conf=19% | Expected slippage: $0.0000
2026-07-03 07:31:12.483 | ERROR    | polymarket_bot.clob_client:place_limit_order:391 - CLOB: Order placement failed: PolyApiException[status_code=400, error_message={'error': 'the order signer address has to be the address of the API KEY'}]
2026-07-03 07:31:12.484 | ERROR    | polymarket_bot.execution:_execute_live:139 - Live execution: no orders placed for ETH
2026-07-03 07:31:17.737 | INFO     | __main__:trade_loop:191 - 📡 Signal approved: MOMENTUM_LONG BTC: UP/YES @ 0.505 | momentum=$+51.10 | implied_prob=50.50% | conf=19% | Expected slippage: $0.0000
2026-07-03 07:31:18.007 | ERROR    | polymarket_bot.clob_client:place_limit_order:391 - CLOB: Order placement failed: PolyApiException[status_code=400, error_message={'error': 'the order signer address has to be the address of the API KEY'}]
2026-07-03 07:31:18.008 | ERROR    | polymarket_bot.execution:_execute_live:139 - Live execution: no orders placed for BTC
2026-07-03 07:31:18.009 | INFO     | __main__:trade_loop:191 - 📡 Signal approved: MOMENTUM_LONG ETH: UP/YES @ 0.505 | momentum=$+1.69 | implied_prob=50.50% | conf=19% | Expected slippage: $0.0000
2026-07-03 07:31:18.195 | ERROR    | polymarket_bot.clob_client:place_limit_order:391 - CLOB: Order placement failed: PolyApiException[status_code=400, error_message={'error': 'the order signer address has to be the address of the API KEY'}]
2026-07-03 07:31:18.196 | ERROR    | polymarket_bot.execution:_execute_live:139 - Live execution: no orders placed for ETH
2026-07-03 07:31:23.203 | INFO     | __main__:trade_loop:191 - 📡 Signal approved: MOMENTUM_LONG BTC: UP/YES @ 0.505 | momentum=$+52.60 | implied_prob=50.50% | conf=19% | Expected slippage: $0.0000
2026-07-03 07:31:23.492 | ERROR    | polymarket_bot.clob_client:place_limit_order:391 - CLOB: Order placement failed: PolyApiException[status_code=400, error_message={'error': 'the order signer address has to be the address of the API KEY'}]
2026-07-03 07:31:23.492 | ERROR    | polymarket_bot.execution:_execute_live:139 - Live execution: no orders placed for BTC
2026-07-03 07:31:23.494 | INFO     | __main__:trade_loop:191 - 📡 Signal approved: MOMENTUM_LONG ETH: UP/YES @ 0.505 | momentum=$+1.79 | implied_prob=50.50% | conf=19% | Expected slippage: $0.0000
2026-07-03 07:31:23.668 | ERROR    | polymarket_bot.clob_client:place_limit_order:391 - CLOB: Order placement failed: PolyApiException[status_code=400, error_message={'error': 'the order signer address has to be the address of the API KEY'}]
2026-07-03 07:31:23.668 | ERROR    | polymarket_bot.execution:_execute_live:139 - Live execution: no orders placed for ETH
2026-07-03 07:31:28.915 | INFO     | __main__:trade_loop:191 - 📡 Signal approved: MOMENTUM_LONG BTC: UP/YES @ 0.505 | momentum=$+58.00 | implied_prob=50.50% | conf=19% | Expected slippage: $0.0000
2026-07-03 07:31:29.133 | ERROR    | polymarket_bot.clob_client:place_limit_order:391 - CLOB: Order placement failed: PolyApiException[status_code=400, error_message={'error': 'the order signer address has to be the address of the API KEY'}]
2026-07-03 07:31:29.133 | ERROR    | polymarket_bot.execution:_execute_live:139 - Live execution: no orders placed for BTC
2026-07-03 07:31:29.134 | INFO     | __main__:trade_loop:191 - 📡 Signal approved: MOMENTUM_LONG ETH: UP/YES @ 0.505 | momentum=$+2.30 | implied_prob=50.50% | conf=19% | Expected slippage: $0.0000
2026-07-03 07:31:29.306 | ERROR    | polymarket_bot.clob_client:place_limit_order:391 - CLOB: Order placement failed: PolyApiException[status_code=400, error_message={'error': 'the order signer address has to be the address of the API KEY'}]
2026-07-03 07:31:29.307 | ERROR    | polymarket_bot.execution:_execute_live:139 - Live execution: no orders placed for ETH
2026-07-03 07:31:34.311 | INFO     | __main__:trade_loop:191 - 📡 Signal approved: MOMENTUM_LONG BTC: UP/YES @ 0.505 | momentum=$+58.00 | implied_prob=50.50% | conf=19% | Expected slippage: $0.0000
2026-07-03 07:31:34.570 | ERROR    | polymarket_bot.clob_client:place_limit_order:391 - CLOB: Order placement failed: PolyApiException[status_code=400, error_message={'error': 'the order signer address has to be the address of the API KEY'}]
2026-07-03 07:31:34.571 | ERROR    | polymarket_bot.execution:_execute_live:139 - Live execution: no orders placed for BTC
2026-07-03 07:31:34.572 | INFO     | __main__:trade_loop:191 - 📡 Signal approved: MOMENTUM_LONG ETH: UP/YES @ 0.505 | momentum=$+2.47 | implied_prob=50.50% | conf=19% | Expected slippage: $0.0000
2026-07-03 07:31:34.745 | ERROR    | polymarket_bot.clob_client:place_limit_order:391 - CLOB: Order placement failed: PolyApiException[status_code=400, error_message={'error': 'the order signer address has to be the address of the API KEY'}]
2026-07-03 07:31:34.745 | ERROR    | polymarket_bot.execution:_execute_live:139 - Live execution: no orders placed for ETH
2026-07-03 07:31:34.751 | INFO     | __main__:trade_loop:243 - Heartbeat | Cash=$120.98 PnL=$+0.00 (W/L: 0/0) | Elapsed: 94s | BTC: Spot=$61,777.65 (Mom=$+21.90) | YES=$0.505 ($0.50/0.51) NO=$0.495 ($0.49/0.50) | ETH: Spot=$1,719.26 (Mom=$+1.35) | YES=$0.505 ($0.50/0.51) NO=$0.495 ($0.49/0.50)
2026-07-03 07:31:40.005 | INFO     | __main__:trade_loop:191 - 📡 Signal approved: MOMENTUM_LONG BTC: UP/YES @ 0.505 | momentum=$+58.00 | implied_prob=50.50% | conf=21% | Expected slippage: $0.0000
2026-07-03 07:31:40.252 | ERROR    | polymarket_bot.clob_client:place_limit_order:391 - CLOB: Order placement failed: PolyApiException[status_code=400, error_message={'error': 'the order signer address has to be the address of the API KEY'}]
2026-07-03 07:31:40.252 | ERROR    | polymarket_bot.execution:_execute_live:139 - Live execution: no orders placed for BTC
2026-07-03 07:31:40.253 | INFO     | __main__:trade_loop:191 - 📡 Signal approved: MOMENTUM_LONG ETH: UP/YES @ 0.505 | momentum=$+2.33 | implied_prob=50.50% | conf=21% | Expected slippage: $0.0000
2026-07-03 07:31:40.427 | ERROR    | polymarket_bot.clob_client:place_limit_order:391 - CLOB: Order placement failed: PolyApiException[status_code=400, error_message={'error': 'the order signer address has to be the address of the API KEY'}]
2026-07-03 07:31:40.428 | ERROR    | polymarket_bot.execution:_execute_live:139 - Live execution: no orders placed for ETH
2026-07-03 07:31:45.434 | INFO     | __main__:trade_loop:191 - 📡 Signal approved: MOMENTUM_LONG BTC: UP/YES @ 0.505 | momentum=$+58.00 | implied_prob=50.50% | conf=22% | Expected slippage: $0.0000
2026-07-03 07:31:45.691 | ERROR    | polymarket_bot.clob_client:place_limit_order:391 - CLOB: Order placement failed: PolyApiException[status_code=400, error_message={'error': 'the order signer address has to be the address of the API KEY'}]
2026-07-03 07:31:45.691 | ERROR    | polymarket_bot.execution:_execute_live:139 - Live execution: no orders placed for BTC
2026-07-03 07:31:45.693 | INFO     | __main__:trade_loop:191 - 📡 Signal approved: MOMENTUM_LONG ETH: UP/YES @ 0.505 | momentum=$+2.29 | implied_prob=50.50% | conf=22% | Expected slippage: $0.0000
2026-07-03 07:31:45.858 | ERROR    | polymarket_bot.clob_client:place_limit_order:391 - CLOB: Order placement failed: PolyApiException[status_code=400, error_message={'error': 'the order signer address has to be the address of the API KEY'}]
2026-07-03 07:31:45.858 | ERROR    | polymarket_bot.execution:_execute_live:139 - Live execution: no orders placed for ETH
2026-07-03 07:31:51.114 | INFO     | __main__:trade_loop:191 - 📡 Signal approved: MOMENTUM_LONG BTC: UP/YES @ 0.505 | momentum=$+58.00 | implied_prob=50.50% | conf=24% | Expected slippage: $0.0000
2026-07-03 07:31:51.425 | ERROR    | polymarket_bot.clob_client:place_limit_order:391 - CLOB: Order placement failed: PolyApiException[status_code=400, error_message={'error': 'the order signer address has to be the address of the API KEY'}]
2026-07-03 07:31:51.425 | ERROR    | polymarket_bot.execution:_execute_live:139 - Live execution: no orders placed for BTC
2026-07-03 07:31:51.427 | INFO     | __main__:trade_loop:191 - 📡 Signal approved: MOMENTUM_LONG ETH: UP/YES @ 0.505 | momentum=$+2.58 | implied_prob=50.50% | conf=24% | Expected slippage: $0.0000
2026-07-03 07:31:51.598 | ERROR    | polymarket_bot.clob_client:place_limit_order:391 - CLOB: Order placement failed: PolyApiException[status_code=400, error_message={'error': 'the order signer address has to be the address of the API KEY'}]
2026-07-03 07:31:51.599 | ERROR    | polymarket_bot.execution:_execute_live:139 - Live execution: no orders placed for ETH
2026-07-03 07:31:56.606 | INFO     | __main__:trade_loop:191 - 📡 Signal approved: MOMENTUM_LONG BTC: UP/YES @ 0.505 | momentum=$+58.00 | implied_prob=50.50% | conf=18% | Expected slippage: $0.0000
2026-07-03 07:31:56.860 | ERROR    | polymarket_bot.clob_client:place_limit_order:391 - CLOB: Order placement failed: PolyApiException[status_code=400, error_message={'error': 'the order signer address has to be the address of the API KEY'}]
2026-07-03 07:31:56.861 | ERROR    | polymarket_bot.execution:_execute_live:139 - Live execution: no orders placed for BTC
2026-07-03 07:31:56.862 | INFO     | __main__:trade_loop:191 - 📡 Signal approved: MOMENTUM_LONG ETH: UP/YES @ 0.505 | momentum=$+2.58 | implied_prob=50.50% | conf=26% | Expected slippage: $0.0000
2026-07-03 07:31:57.200 | ERROR    | polymarket_bot.clob_client:place_limit_order:391 - CLOB: Order placement failed: PolyApiException[status_code=400, error_message={'error': 'the order signer address has to be the address of the API KEY'}]
2026-07-03 07:31:57.200 | ERROR    | polymarket_bot.execution:_execute_live:139 - Live execution: no orders placed for ETH
2026-07-03 07:32:02.621 | INFO     | __main__:trade_loop:191 - 📡 Signal approved: MOMENTUM_LONG BTC: UP/YES @ 0.505 | momentum=$+58.00 | implied_prob=50.50% | conf=19% | Expected slippage: $0.0000
2026-07-03 07:32:02.886 | ERROR    | polymarket_bot.clob_client:place_limit_order:391 - CLOB: Order placement failed: PolyApiException[status_code=400, error_message={'error': 'the order signer address has to be the address of the API KEY'}]
2026-07-03 07:32:02.887 | ERROR    | polymarket_bot.execution:_execute_live:139 - Live execution: no orders placed for BTC
2026-07-03 07:32:02.888 | INFO     | __main__:trade_loop:191 - 📡 Signal approved: MOMENTUM_LONG ETH: UP/YES @ 0.505 | momentum=$+2.62 | implied_prob=50.50% | conf=27% | Expected slippage: $0.0000
2026-07-03 07:32:03.063 | ERROR    | polymarket_bot.clob_client:place_limit_order:391 - CLOB: Order placement failed: PolyApiException[status_code=400, error_message={'error': 'the order signer address has to be the address of the API KEY'}]
2026-07-03 07:32:03.063 | ERROR    | polymarket_bot.execution:_execute_live:139 - Live execution: no orders placed for ETH
2026-07-03 07:32:08.070 | INFO     | __main__:trade_loop:191 - 📡 Signal approved: MOMENTUM_LONG ETH: UP/YES @ 0.505 | momentum=$+2.62 | implied_prob=50.50% | conf=29% | Expected slippage: $0.0000
2026-07-03 07:32:08.408 | ERROR    | polymarket_bot.clob_client:place_limit_order:391 - CLOB: Order placement failed: PolyApiException[status_code=400, error_message={'error': 'the order signer address has to be the address of the API KEY'}]
2026-07-03 07:32:08.409 | ERROR    | polymarket_bot.execution:_execute_live:139 - Live execution: no orders placed for ETH
2026-07-03 07:32:08.414 | INFO     | __main__:trade_loop:243 - Heartbeat | Cash=$120.98 PnL=$+0.00 (W/L: 0/0) | Elapsed: 128s | BTC: Spot=$61,777.65 (Mom=$+0.00) | YES=$0.495 ($0.49/0.50) NO=$0.505 ($0.50/0.51) | ETH: Spot=$1,719.41 (Mom=$+0.29) | YES=$0.505 ($0.50/0.51) NO=$0.495 ($0.49/0.50)
2026-07-03 07:32:13.671 | INFO     | __main__:trade_loop:191 - 📡 Signal approved: MOMENTUM_LONG ETH: UP/YES @ 0.505 | momentum=$+2.53 | implied_prob=50.50% | conf=21% | Expected slippage: $0.0000
2026-07-03 07:32:13.928 | ERROR    | polymarket_bot.clob_client:place_limit_order:391 - CLOB: Order placement failed: PolyApiException[status_code=400, error_message={'error': 'the order signer address has to be the address of the API KEY'}]
2026-07-03 07:32:13.928 | ERROR    | polymarket_bot.execution:_execute_live:139 - Live execution: no orders placed for ETH
2026-07-03 07:32:18.936 | INFO     | __main__:trade_loop:191 - 📡 Signal approved: MOMENTUM_LONG ETH: UP/YES @ 0.505 | momentum=$+2.47 | implied_prob=50.50% | conf=22% | Expected slippage: $0.0000
2026-07-03 07:32:19.304 | ERROR    | polymarket_bot.clob_client:place_limit_order:391 - CLOB: Order placement failed: PolyApiException[status_code=400, error_message={'error': 'the order signer address has to be the address of the API KEY'}]
2026-07-03 07:32:19.304 | ERROR    | polymarket_bot.execution:_execute_live:139 - Live execution: no orders placed for ETH
2026-07-03 07:32:24.525 | INFO     | __main__:trade_loop:191 - 📡 Signal approved: MOMENTUM_LONG ETH: UP/YES @ 0.505 | momentum=$+2.47 | implied_prob=50.50% | conf=23% | Expected slippage: $0.0000
2026-07-03 07:32:24.800 | ERROR    | polymarket_bot.clob_client:place_limit_order:391 - CLOB: Order placement failed: PolyApiException[status_code=400, error_message={'error': 'the order signer address has to be the address of the API KEY'}]
2026-07-03 07:32:24.800 | ERROR    | polymarket_bot.execution:_execute_live:139 - Live execution: no orders placed for ETH
2026-07-03 07:32:29.806 | INFO     | __main__:trade_loop:191 - 📡 Signal approved: MOMENTUM_LONG ETH: UP/YES @ 0.505 | momentum=$+2.42 | implied_prob=50.50% | conf=24% | Expected slippage: $0.0000
2026-07-03 07:32:30.147 | ERROR    | polymarket_bot.clob_client:place_limit_order:391 - CLOB: Order placement failed: PolyApiException[status_code=400, error_message={'error': 'the order signer address has to be the address of the API KEY'}]
2026-07-03 07:32:30.147 | ERROR    | polymarket_bot.execution:_execute_live:139 - Live execution: no orders placed for ETH
2026-07-03 07:32:35.397 | INFO     | __main__:trade_loop:191 - 📡 Signal approved: MOMENTUM_LONG ETH: UP/YES @ 0.505 | momentum=$+2.41 | implied_prob=50.50% | conf=25% | Expected slippage: $0.0000
2026-07-03 07:32:35.654 | ERROR    | polymarket_bot.clob_client:place_limit_order:391 - CLOB: Order placement failed: PolyApiException[status_code=400, error_message={'error': 'the order signer address has to be the address of the API KEY'}]
2026-07-03 07:32:35.654 | ERROR    | polymarket_bot.execution:_execute_live:139 - Live execution: no orders placed for ETH
2026-07-03 07:32:40.662 | INFO     | __main__:trade_loop:191 - 📡 Signal approved: MOMENTUM_LONG ETH: UP/YES @ 0.505 | momentum=$+2.41 | implied_prob=50.50% | conf=26% | Expected slippage: $0.0000
2026-07-03 07:32:40.937 | ERROR    | polymarket_bot.clob_client:place_limit_order:391 - CLOB: Order placement failed: PolyApiException[status_code=400, error_message={'error': 'the order signer address has to be the address of the API KEY'}]
2026-07-03 07:32:40.937 | ERROR    | polymarket_bot.execution:_execute_live:139 - Live execution: no orders placed for ETH
2026-07-03 07:32:40.943 | INFO     | __main__:trade_loop:243 - Heartbeat | Cash=$120.98 PnL=$+0.00 (W/L: 0/0) | Elapsed: 161s | BTC: Spot=$61,773.55 (Mom=$-4.10) | YES=$0.485 ($0.47/0.50) NO=$0.515 ($0.50/0.53) | ETH: Spot=$1,719.20 (Mom=$-0.21) | YES=$0.505 ($0.50/0.51) NO=$0.495 ($0.49/0.50)
2026-07-03 07:32:46.203 | INFO     | __main__:trade_loop:191 - 📡 Signal approved: MOMENTUM_LONG ETH: UP/YES @ 0.505 | momentum=$+2.41 | implied_prob=50.50% | conf=40% | Expected slippage: $0.0000
2026-07-03 07:32:46.445 | ERROR    | polymarket_bot.clob_client:place_limit_order:391 - CLOB: Order placement failed: PolyApiException[status_code=400, error_message={'error': 'the order signer address has to be the address of the API KEY'}]
2026-07-03 07:32:46.445 | ERROR    | polymarket_bot.execution:_execute_live:139 - Live execution: no orders placed for ETH
2026-07-03 07:32:51.451 | INFO     | __main__:trade_loop:191 - 📡 Signal approved: MOMENTUM_LONG ETH: UP/YES @ 0.505 | momentum=$+1.70 | implied_prob=50.50% | conf=29% | Expected slippage: $0.0000
2026-07-03 07:32:51.698 | ERROR    | polymarket_bot.clob_client:place_limit_order:391 - CLOB: Order placement failed: PolyApiException[status_code=400, error_message={'error': 'the order signer address has to be the address of the API KEY'}]
2026-07-03 07:32:51.698 | ERROR    | polymarket_bot.execution:_execute_live:139 - Live execution: no orders placed for ETH
2026-07-03 07:32:56.949 | INFO     | __main__:trade_loop:191 - 📡 Signal approved: MOMENTUM_LONG ETH: UP/YES @ 0.505 | momentum=$+1.79 | implied_prob=50.50% | conf=30% | Expected slippage: $0.0000
2026-07-03 07:32:57.214 | ERROR    | polymarket_bot.clob_client:place_limit_order:391 - CLOB: Order placement failed: PolyApiException[status_code=400, error_message={'error': 'the order signer address has to be the address of the API KEY'}]
2026-07-03 07:32:57.214 | ERROR    | polymarket_bot.execution:_execute_live:139 - Live execution: no orders placed for ETH
2026-07-03 07:33:12.498 | INFO     | __main__:trade_loop:243 - Heartbeat | Cash=$120.98 PnL=$+0.00 (W/L: 0/0) | Elapsed: 192s | BTC: Spot=$61,748.45 (Mom=$-25.10) | YES=$0.510 ($0.50/0.52) NO=$0.490 ($0.48/0.50) | ETH: Spot=$1,718.41 (Mom=$-0.79) | YES=$0.505 ($0.50/0.51) NO=$0.495 ($0.49/0.50)
2026-07-03 07:33:43.206 | INFO     | __main__:trade_loop:243 - Heartbeat | Cash=$120.98 PnL=$+0.00 (W/L: 0/0) | Elapsed: 223s | BTC: Spot=$61,746.85 (Mom=$-1.60) | YES=$0.505 ($0.50/0.51) NO=$0.495 ($0.49/0.50) | ETH: Spot=$1,718.86 (Mom=$+0.45) | YES=$0.505 ($0.50/0.51) NO=$0.495 ($0.49/0.50)
2026-07-03 07:34:13.942 | INFO     | __main__:trade_loop:243 - Heartbeat | Cash=$120.98 PnL=$+0.00 (W/L: 0/0) | Elapsed: 254s | BTC: Spot=$61,724.35 (Mom=$-22.50) | YES=$0.490 ($0.48/0.50) NO=$0.510 ($0.50/0.52) | ETH: Spot=$1,718.41 (Mom=$-0.51) | YES=$0.505 ($0.50/0.51) NO=$0.495 ($0.49/0.50)
2026-07-03 07:34:44.681 | INFO     | __main__:trade_loop:243 - Heartbeat | Cash=$120.98 PnL=$+0.00 (W/L: 0/0) | Elapsed: 285s | BTC: Spot=$61,720.35 (Mom=$-4.00) | YES=$0.495 ($0.49/0.50) NO=$0.505 ($0.50/0.51) | ETH: Spot=$1,718.55 (Mom=$+0.04) | YES=$0.505 ($0.50/0.51) NO=$0.495 ($0.49/0.50)
2026-07-03 07:35:05.911 | INFO     | polymarket_bot.market:_fetch_market_by_slug:134 -   📍 ETH market found via slug | UP=3053385603... DOWN=1963295914... | liquidity=$5744
2026-07-03 07:35:05.934 | INFO     | polymarket_bot.market:_fetch_market_by_slug:134 -   📍 BTC market found via slug | UP=1216117755... DOWN=1492578343... | liquidity=$13685
2026-07-03 07:35:05.936 | INFO     | polymarket_bot.clob_client:subscribe:195 - ClobBookCache: Token subscription list changed. Reconnecting to WS...
2026-07-03 07:35:06.536 | INFO     | polymarket_bot.clob_client:_stream_loop:232 - ClobBookCache: Polymarket WS connected
2026-07-03 07:35:06.536 | INFO     | polymarket_bot.clob_client:_stream_loop:240 - ClobBookCache: Subscribed to 4 tokens on connect
2026-07-03 07:35:16.581 | INFO     | __main__:trade_loop:243 - Heartbeat | Cash=$120.98 PnL=$+0.00 (W/L: 0/0) | Elapsed: 16s | BTC: Spot=$61,720.55 (Mom=$+0.20) | YES=$0.505 ($0.50/0.51) NO=$0.495 ($0.49/0.50) | ETH: Spot=$1,718.11 (Mom=$-0.44) | YES=$0.505 ($0.50/0.51) NO=$0.495 ($0.49/0.50)
2026-07-03 07:35:47.340 | INFO     | __main__:trade_loop:243 - Heartbeat | Cash=$120.98 PnL=$+0.00 (W/L: 0/0) | Elapsed: 47s | BTC: Spot=$61,715.55 (Mom=$-5.00) | YES=$0.505 ($0.50/0.51) NO=$0.495 ($0.49/0.50) | ETH: Spot=$1,718.20 (Mom=$+0.10) | YES=$0.505 ($0.50/0.51) NO=$0.495 ($0.49/0.50)
2026-07-03 07:36:17.974 | INFO     | __main__:trade_loop:243 - Heartbeat | Cash=$120.98 PnL=$+0.00 (W/L: 0/0) | Elapsed: 78s | BTC: Spot=$61,725.95 (Mom=$+10.40) | YES=$0.505 ($0.50/0.51) NO=$0.495 ($0.49/0.50) | ETH: Spot=$1,718.16 (Mom=$-0.05) | YES=$0.505 ($0.50/0.51) NO=$0.495 ($0.49/0.50)
2026-07-03 07:36:48.656 | INFO     | __main__:trade_loop:243 - Heartbeat | Cash=$120.98 PnL=$+0.00 (W/L: 0/0) | Elapsed: 108s | BTC: Spot=$61,725.95 (Mom=$+0.00) | YES=$0.515 ($0.51/0.52) NO=$0.485 ($0.48/0.49) | ETH: Spot=$1,718.07 (Mom=$-0.09) | YES=$0.505 ($0.50/0.51) NO=$0.495 ($0.49/0.50)
2026-07-03 07:37:19.260 | INFO     | __main__:trade_loop:243 - Heartbeat | Cash=$120.98 PnL=$+0.00 (W/L: 0/0) | Elapsed: 139s | BTC: Spot=$61,698.15 (Mom=$-27.80) | YES=$0.515 ($0.51/0.52) NO=$0.485 ($0.48/0.49) | ETH: Spot=$1,715.84 (Mom=$-2.22) | YES=$0.505 ($0.50/0.51) NO=$0.495 ($0.49/0.50)
2026-07-03 07:37:50.046 | INFO     | __main__:trade_loop:243 - Heartbeat | Cash=$120.98 PnL=$+0.00 (W/L: 0/0) | Elapsed: 170s | BTC: Spot=$61,676.35 (Mom=$-21.80) | YES=$0.515 ($0.51/0.52) NO=$0.485 ($0.48/0.49) | ETH: Spot=$1,715.11 (Mom=$-0.91) | YES=$0.505 ($0.50/0.51) NO=$0.495 ($0.49/0.50)
2026-07-03 07:38:21.054 | INFO     | __main__:trade_loop:243 - Heartbeat | Cash=$120.98 PnL=$+0.00 (W/L: 0/0) | Elapsed: 201s | BTC: Spot=$61,627.35 (Mom=$-49.00) | YES=$0.515 ($0.51/0.52) NO=$0.485 ($0.48/0.49) | ETH: Spot=$1,713.82 (Mom=$-1.29) | YES=$0.505 ($0.50/0.51) NO=$0.495 ($0.49/0.50)
2026-07-03 07:38:51.830 | INFO     | __main__:trade_loop:243 - Heartbeat | Cash=$120.98 PnL=$+0.00 (W/L: 0/0) | Elapsed: 232s | BTC: Spot=$61,638.45 (Mom=$+9.20) | YES=$0.525 ($0.52/0.53) NO=$0.475 ($0.47/0.48) | ETH: Spot=$1,713.93 (Mom=$+0.10) | YES=$0.505 ($0.50/0.51) NO=$0.495 ($0.49/0.50)
2026-07-03 07:39:22.606 | INFO     | __main__:trade_loop:243 - Heartbeat | Cash=$120.98 PnL=$+0.00 (W/L: 0/0) | Elapsed: 262s | BTC: Spot=$61,624.05 (Mom=$-15.50) | YES=$0.525 ($0.52/0.53) NO=$0.475 ($0.47/0.48) | ETH: Spot=$1,713.24 (Mom=$-0.77) | YES=$0.520 ($0.51/0.53) NO=$0.480 ($0.47/0.49)
2026-07-03 07:39:53.423 | INFO     | __main__:trade_loop:243 - Heartbeat | Cash=$120.98 PnL=$+0.00 (W/L: 0/0) | Elapsed: 293s | BTC: Spot=$61,624.55 (Mom=$+8.20) | YES=$0.530 ($0.52/0.54) NO=$0.470 ($0.46/0.48) | ETH: Spot=$1,713.64 (Mom=$+0.53) | YES=$0.525 ($0.52/0.53) NO=$0.475 ($0.47/0.48)
2026-07-03 07:40:03.800 | INFO     | polymarket_bot.market:_fetch_market_by_slug:134 -   📍 BTC market found via slug | UP=7993261166... DOWN=9842329427... | liquidity=$13689
2026-07-03 07:40:03.828 | INFO     | polymarket_bot.market:_fetch_market_by_slug:134 -   📍 ETH market found via slug | UP=6430844955... DOWN=1157133554... | liquidity=$5752
2026-07-03 07:40:03.830 | INFO     | polymarket_bot.clob_client:subscribe:195 - ClobBookCache: Token subscription list changed. Reconnecting to WS...
2026-07-03 07:40:05.484 | INFO     | polymarket_bot.clob_client:_stream_loop:232 - ClobBookCache: Polymarket WS connected
2026-07-03 07:40:05.485 | INFO     | polymarket_bot.clob_client:_stream_loop:240 - ClobBookCache: Subscribed to 4 tokens on connect
2026-07-03 07:40:25.896 | INFO     | __main__:trade_loop:243 - Heartbeat | Cash=$120.98 PnL=$+0.00 (W/L: 0/0) | Elapsed: 26s | BTC: Spot=$61,629.05 (Mom=$+4.40) | YES=$0.505 ($0.50/0.51) NO=$0.495 ($0.49/0.50) | ETH: Spot=$1,714.12 (Mom=$+0.62) | YES=$0.505 ($0.50/0.51) NO=$0.495 ($0.49/0.50)
2026-07-03 07:40:56.522 | INFO     | __main__:trade_loop:243 - Heartbeat | Cash=$120.98 PnL=$+0.00 (W/L: 0/0) | Elapsed: 56s | BTC: Spot=$61,632.85 (Mom=$+3.80) | YES=$0.505 ($0.50/0.51) NO=$0.495 ($0.49/0.50) | ETH: Spot=$1,714.18 (Mom=$+0.06) | YES=$0.505 ($0.50/0.51) NO=$0.495 ($0.49/0.50)
2026-07-03 07:41:27.230 | INFO     | __main__:trade_loop:243 - Heartbeat | Cash=$120.98 PnL=$+0.00 (W/L: 0/0) | Elapsed: 87s | BTC: Spot=$61,632.45 (Mom=$-0.40) | YES=$0.505 ($0.50/0.51) NO=$0.495 ($0.49/0.50) | ETH: Spot=$1,714.14 (Mom=$-0.04) | YES=$0.505 ($0.50/0.51) NO=$0.495 ($0.49/0.50)
2026-07-03 07:41:42.459 | INFO     | __main__:trade_loop:191 - 📡 Signal approved: MOMENTUM_LONG ETH: UP/YES @ 0.505 | momentum=$+0.82 | implied_prob=50.50% | conf=15% | Expected slippage: $0.0000
2026-07-03 07:41:43.277 | ERROR    | polymarket_bot.clob_client:place_limit_order:391 - CLOB: Order placement failed: PolyApiException[status_code=400, error_message={'error': 'the order signer address has to be the address of the API KEY'}]
2026-07-03 07:41:43.277 | ERROR    | polymarket_bot.execution:_execute_live:139 - Live execution: no orders placed for ETH
2026-07-03 07:41:58.707 | INFO     | __main__:trade_loop:243 - Heartbeat | Cash=$120.98 PnL=$+0.00 (W/L: 0/0) | Elapsed: 119s | BTC: Spot=$61,633.55 (Mom=$+1.10) | YES=$0.505 ($0.50/0.51) NO=$0.495 ($0.49/0.50) | ETH: Spot=$1,714.24 (Mom=$+0.35) | YES=$0.515 ($0.51/0.52) NO=$0.485 ($0.48/0.49)
2026-07-03 07:42:24.196 | INFO     | __main__:trade_loop:191 - 📡 Signal approved: MOMENTUM_LONG ETH: UP/YES @ 0.515 | momentum=$+0.82 | implied_prob=51.50% | conf=23% | Expected slippage: $0.0000
2026-07-03 07:42:24.563 | ERROR    | polymarket_bot.clob_client:place_limit_order:391 - CLOB: Order placement failed: PolyApiException[status_code=400, error_message={'error': 'the order signer address has to be the address of the API KEY'}]
2026-07-03 07:42:24.563 | ERROR    | polymarket_bot.execution:_execute_live:139 - Live execution: no orders placed for ETH
2026-07-03 07:42:29.750 | INFO     | __main__:trade_loop:243 - Heartbeat | Cash=$120.98 PnL=$+0.00 (W/L: 0/0) | Elapsed: 150s | BTC: Spot=$61,637.75 (Mom=$+4.20) | YES=$0.515 ($0.51/0.52) NO=$0.485 ($0.48/0.49) | ETH: Spot=$1,714.22 (Mom=$-0.02) | YES=$0.515 ($0.51/0.52) NO=$0.485 ($0.48/0.49)
2026-07-03 07:42:50.132 | INFO     | __main__:trade_loop:191 - 📡 Signal approved: MOMENTUM_LONG BTC: UP/YES @ 0.520 | momentum=$+45.80 | implied_prob=52.00% | conf=28% | Expected slippage: $0.0000
2026-07-03 07:42:51.044 | ERROR    | polymarket_bot.clob_client:place_limit_order:391 - CLOB: Order placement failed: PolyApiException[status_code=400, error_message={'error': 'the order signer address has to be the address of the API KEY'}]
2026-07-03 07:42:51.044 | ERROR    | polymarket_bot.execution:_execute_live:139 - Live execution: no orders placed for BTC
2026-07-03 07:42:51.048 | INFO     | __main__:trade_loop:191 - 📡 Signal approved: MOMENTUM_LONG ETH: UP/YES @ 0.510 | momentum=$+3.03 | implied_prob=51.00% | conf=42% | Expected slippage: $0.0000
2026-07-03 07:42:51.233 | ERROR    | polymarket_bot.clob_client:place_limit_order:391 - CLOB: Order placement failed: PolyApiException[status_code=400, error_message={'error': 'the order signer address has to be the address of the API KEY'}]
2026-07-03 07:42:51.233 | ERROR    | polymarket_bot.execution:_execute_live:139 - Live execution: no orders placed for ETH
2026-07-03 07:42:56.241 | INFO     | __main__:trade_loop:191 - 📡 Signal approved: MOMENTUM_LONG BTC: UP/YES @ 0.520 | momentum=$+36.90 | implied_prob=52.00% | conf=24% | Expected slippage: $0.0000
2026-07-03 07:42:56.504 | ERROR    | polymarket_bot.clob_client:place_limit_order:391 - CLOB: Order placement failed: PolyApiException[status_code=400, error_message={'error': 'the order signer address has to be the address of the API KEY'}]
2026-07-03 07:42:56.505 | ERROR    | polymarket_bot.execution:_execute_live:139 - Live execution: no orders placed for BTC
2026-07-03 07:42:56.508 | INFO     | __main__:trade_loop:191 - 📡 Signal approved: MOMENTUM_LONG ETH: UP/YES @ 0.510 | momentum=$+2.96 | implied_prob=51.00% | conf=44% | Expected slippage: $0.0000
2026-07-03 07:42:56.681 | ERROR    | polymarket_bot.clob_client:place_limit_order:391 - CLOB: Order placement failed: PolyApiException[status_code=400, error_message={'error': 'the order signer address has to be the address of the API KEY'}]
2026-07-03 07:42:56.681 | ERROR    | polymarket_bot.execution:_execute_live:139 - Live execution: no orders placed for ETH
2026-07-03 07:43:01.878 | INFO     | __main__:trade_loop:243 - Heartbeat | Cash=$120.98 PnL=$+0.00 (W/L: 0/0) | Elapsed: 182s | BTC: Spot=$61,661.55 (Mom=$+23.80) | YES=$0.515 ($0.51/0.52) NO=$0.485 ($0.48/0.49) | ETH: Spot=$1,716.20 (Mom=$+1.98) | YES=$0.510 ($0.50/0.52) NO=$0.490 ($0.48/0.50)
2026-07-03 07:43:32.463 | INFO     | __main__:trade_loop:243 - Heartbeat | Cash=$120.98 PnL=$+0.00 (W/L: 0/0) | Elapsed: 212s | BTC: Spot=$61,642.85 (Mom=$-18.70) | YES=$0.510 ($0.50/0.52) NO=$0.490 ($0.48/0.50) | ETH: Spot=$1,715.32 (Mom=$-0.88) | YES=$0.505 ($0.50/0.51) NO=$0.495 ($0.49/0.50)
2026-07-03 07:44:03.143 | INFO     | __main__:trade_loop:243 - Heartbeat | Cash=$120.98 PnL=$+0.00 (W/L: 0/0) | Elapsed: 243s | BTC: Spot=$61,634.85 (Mom=$-8.00) | YES=$0.505 ($0.50/0.51) NO=$0.495 ($0.49/0.50) | ETH: Spot=$1,714.26 (Mom=$-1.07) | YES=$0.510 ($0.50/0.52) NO=$0.490 ($0.48/0.50)
2026-07-03 07:44:33.824 | INFO     | __main__:trade_loop:243 - Heartbeat | Cash=$120.98 PnL=$+0.00 (W/L: 0/0) | Elapsed: 274s | BTC: Spot=$61,642.95 (Mom=$+8.10) | YES=$0.515 ($0.51/0.52) NO=$0.485 ($0.48/0.49) | ETH: Spot=$1,714.68 (Mom=$+0.42) | YES=$0.515 ($0.51/0.52) NO=$0.485 ($0.48/0.49)
2026-07-03 07:45:04.787 | INFO     | polymarket_bot.market:_fetch_market_by_slug:134 -   📍 BTC market found via slug | UP=2214155232... DOWN=1366198539... | liquidity=$13724
2026-07-03 07:45:04.925 | INFO     | polymarket_bot.market:_fetch_market_by_slug:134 -   📍 ETH market found via slug | UP=9233522501... DOWN=1061370387... | liquidity=$5766
2026-07-03 07:45:04.927 | INFO     | polymarket_bot.clob_client:subscribe:195 - ClobBookCache: Token subscription list changed. Reconnecting to WS...
2026-07-03 07:45:05.255 | INFO     | __main__:trade_loop:243 - Heartbeat | Cash=$120.98 PnL=$+0.00 (W/L: 0/0) | Elapsed: 4s | BTC: Spot=$61,644.05 (Mom=$+6.70) | YES=$0.505 ($0.50/0.51) NO=$0.495 ($0.49/0.50) | ETH: Spot=$1,714.68 (Mom=$+0.01) | YES=$0.505 ($0.50/0.51) NO=$0.495 ($0.49/0.50)
2026-07-03 07:45:05.599 | INFO     | polymarket_bot.clob_client:_stream_loop:232 - ClobBookCache: Polymarket WS connected
2026-07-03 07:45:05.600 | INFO     | polymarket_bot.clob_client:_stream_loop:240 - ClobBookCache: Subscribed to 4 tokens on connect
2026-07-03 07:45:35.832 | INFO     | __main__:trade_loop:243 - Heartbeat | Cash=$120.98 PnL=$+0.00 (W/L: 0/0) | Elapsed: 36s | BTC: Spot=$61,670.15 (Mom=$+26.10) | YES=$0.505 ($0.50/0.51) NO=$0.495 ($0.49/0.50) | ETH: Spot=$1,715.53 (Mom=$+0.86) | YES=$0.505 ($0.50/0.51) NO=$0.495 ($0.49/0.50)
2026-07-03 07:45:56.215 | INFO     | __main__:trade_loop:191 - 📡 Signal approved: MOMENTUM_LONG ETH: UP/YES @ 0.505 | momentum=$+0.83 | implied_prob=50.50% | conf=9% | Expected slippage: $0.0000
2026-07-03 07:45:56.927 | ERROR    | polymarket_bot.clob_client:place_limit_order:391 - CLOB: Order placement failed: PolyApiException[status_code=400, error_message={'error': 'the order signer address has to be the address of the API KEY'}]
2026-07-03 07:45:56.927 | ERROR    | polymarket_bot.execution:_execute_live:139 - Live execution: no orders placed for ETH
2026-07-03 07:46:01.938 | INFO     | __main__:trade_loop:191 - 📡 Signal approved: MOMENTUM_LONG BTC: UP/YES @ 0.505 | momentum=$+30.00 | implied_prob=50.50% | conf=12% | Expected slippage: $0.0000
2026-07-03 07:46:02.672 | ERROR    | polymarket_bot.clob_client:place_limit_order:391 - CLOB: Order placement failed: PolyApiException[status_code=400, error_message={'error': 'the order signer address has to be the address of the API KEY'}]
2026-07-03 07:46:02.672 | ERROR    | polymarket_bot.execution:_execute_live:139 - Live execution: no orders placed for BTC
2026-07-03 07:46:02.676 | INFO     | __main__:trade_loop:191 - 📡 Signal approved: MOMENTUM_LONG ETH: UP/YES @ 0.505 | momentum=$+0.81 | implied_prob=50.50% | conf=9% | Expected slippage: $0.0000
2026-07-03 07:46:02.842 | ERROR    | polymarket_bot.clob_client:place_limit_order:391 - CLOB: Order placement failed: PolyApiException[status_code=400, error_message={'error': 'the order signer address has to be the address of the API KEY'}]
2026-07-03 07:46:02.842 | ERROR    | polymarket_bot.execution:_execute_live:139 - Live execution: no orders placed for ETH
2026-07-03 07:46:08.016 | INFO     | __main__:trade_loop:243 - Heartbeat | Cash=$120.98 PnL=$+0.00 (W/L: 0/0) | Elapsed: 68s | BTC: Spot=$61,668.45 (Mom=$-1.70) | YES=$0.505 ($0.50/0.51) NO=$0.495 ($0.49/0.50) | ETH: Spot=$1,715.51 (Mom=$-0.02) | YES=$0.505 ($0.50/0.51) NO=$0.495 ($0.49/0.50)
2026-07-03 07:46:33.396 | INFO     | __main__:trade_loop:191 - 📡 Signal approved: MOMENTUM_LONG BTC: UP/YES @ 0.505 | momentum=$+32.20 | implied_prob=50.50% | conf=9% | Expected slippage: $0.0000
2026-07-03 07:46:33.655 | ERROR    | polymarket_bot.clob_client:place_limit_order:391 - CLOB: Order placement failed: PolyApiException[status_code=400, error_message={'error': 'the order signer address has to be the address of the API KEY'}]
2026-07-03 07:46:33.656 | ERROR    | polymarket_bot.execution:_execute_live:139 - Live execution: no orders placed for BTC
2026-07-03 07:46:33.657 | INFO     | __main__:trade_loop:191 - 📡 Signal approved: MOMENTUM_LONG ETH: UP/YES @ 0.505 | momentum=$+1.34 | implied_prob=50.50% | conf=13% | Expected slippage: $0.0000
2026-07-03 07:46:33.852 | ERROR    | polymarket_bot.clob_client:place_limit_order:391 - CLOB: Order placement failed: PolyApiException[status_code=400, error_message={'error': 'the order signer address has to be the address of the API KEY'}]
2026-07-03 07:46:33.853 | ERROR    | polymarket_bot.execution:_execute_live:139 - Live execution: no orders placed for ETH
2026-07-03 07:46:39.023 | INFO     | __main__:trade_loop:191 - 📡 Signal approved: MOMENTUM_LONG BTC: UP/YES @ 0.505 | momentum=$+42.40 | implied_prob=50.50% | conf=19% | Expected slippage: $0.0000
2026-07-03 07:46:39.273 | ERROR    | polymarket_bot.clob_client:place_limit_order:391 - CLOB: Order placement failed: PolyApiException[status_code=400, error_message={'error': 'the order signer address has to be the address of the API KEY'}]
2026-07-03 07:46:39.273 | ERROR    | polymarket_bot.execution:_execute_live:139 - Live execution: no orders placed for BTC
2026-07-03 07:46:39.277 | INFO     | __main__:trade_loop:191 - 📡 Signal approved: MOMENTUM_LONG ETH: UP/YES @ 0.505 | momentum=$+1.35 | implied_prob=50.50% | conf=14% | Expected slippage: $0.0000
2026-07-03 07:46:39.451 | ERROR    | polymarket_bot.clob_client:place_limit_order:391 - CLOB: Order placement failed: PolyApiException[status_code=400, error_message={'error': 'the order signer address has to be the address of the API KEY'}]
2026-07-03 07:46:39.452 | ERROR    | polymarket_bot.execution:_execute_live:139 - Live execution: no orders placed for ETH
2026-07-03 07:46:39.464 | INFO     | __main__:trade_loop:243 - Heartbeat | Cash=$120.98 PnL=$+0.00 (W/L: 0/0) | Elapsed: 99s | BTC: Spot=$61,685.35 (Mom=$+16.90) | YES=$0.505 ($0.50/0.51) NO=$0.495 ($0.49/0.50) | ETH: Spot=$1,716.20 (Mom=$+0.69) | YES=$0.505 ($0.50/0.51) NO=$0.495 ($0.49/0.50)
2026-07-03 07:46:44.472 | INFO     | __main__:trade_loop:191 - 📡 Signal approved: MOMENTUM_LONG BTC: UP/YES @ 0.505 | momentum=$+34.90 | implied_prob=50.50% | conf=17% | Expected slippage: $0.0000
2026-07-03 07:46:44.742 | ERROR    | polymarket_bot.clob_client:place_limit_order:391 - CLOB: Order placement failed: PolyApiException[status_code=400, error_message={'error': 'the order signer address has to be the address of the API KEY'}]
2026-07-03 07:46:44.743 | ERROR    | polymarket_bot.execution:_execute_live:139 - Live execution: no orders placed for BTC
2026-07-03 07:46:44.746 | INFO     | __main__:trade_loop:191 - 📡 Signal approved: MOMENTUM_LONG ETH: UP/YES @ 0.505 | momentum=$+1.00 | implied_prob=50.50% | conf=13% | Expected slippage: $0.0000
2026-07-03 07:46:44.916 | ERROR    | polymarket_bot.clob_client:place_limit_order:391 - CLOB: Order placement failed: PolyApiException[status_code=400, error_message={'error': 'the order signer address has to be the address of the API KEY'}]
2026-07-03 07:46:44.917 | ERROR    | polymarket_bot.execution:_execute_live:139 - Live execution: no orders placed for ETH
2026-07-03 07:46:50.082 | INFO     | __main__:trade_loop:191 - 📡 Signal approved: MOMENTUM_LONG BTC: UP/YES @ 0.505 | momentum=$+34.90 | implied_prob=50.50% | conf=18% | Expected slippage: $0.0000
2026-07-03 07:46:50.337 | ERROR    | polymarket_bot.clob_client:place_limit_order:391 - CLOB: Order placement failed: PolyApiException[status_code=400, error_message={'error': 'the order signer address has to be the address of the API KEY'}]
2026-07-03 07:46:50.338 | ERROR    | polymarket_bot.execution:_execute_live:139 - Live execution: no orders placed for BTC
2026-07-03 07:46:50.342 | INFO     | __main__:trade_loop:191 - 📡 Signal approved: MOMENTUM_LONG ETH: UP/YES @ 0.505 | momentum=$+1.34 | implied_prob=50.50% | conf=16% | Expected slippage: $0.0000
2026-07-03 07:46:50.512 | ERROR    | polymarket_bot.clob_client:place_limit_order:391 - CLOB: Order placement failed: PolyApiException[status_code=400, error_message={'error': 'the order signer address has to be the address of the API KEY'}]
2026-07-03 07:46:50.512 | ERROR    | polymarket_bot.execution:_execute_live:139 - Live execution: no orders placed for ETH
2026-07-03 07:46:55.523 | INFO     | __main__:trade_loop:191 - 📡 Signal approved: MOMENTUM_LONG BTC: UP/YES @ 0.505 | momentum=$+34.90 | implied_prob=50.50% | conf=20% | Expected slippage: $0.0000
2026-07-03 07:46:55.807 | ERROR    | polymarket_bot.clob_client:place_limit_order:391 - CLOB: Order placement failed: PolyApiException[status_code=400, error_message={'error': 'the order signer address has to be the address of the API KEY'}]
2026-07-03 07:46:55.807 | ERROR    | polymarket_bot.execution:_execute_live:139 - Live execution: no orders placed for BTC
2026-07-03 07:46:55.811 | INFO     | __main__:trade_loop:191 - 📡 Signal approved: MOMENTUM_LONG ETH: UP/YES @ 0.505 | momentum=$+1.41 | implied_prob=50.50% | conf=17% | Expected slippage: $0.0000
2026-07-03 07:46:55.980 | ERROR    | polymarket_bot.clob_client:place_limit_order:391 - CLOB: Order placement failed: PolyApiException[status_code=400, error_message={'error': 'the order signer address has to be the address of the API KEY'}]
2026-07-03 07:46:55.980 | ERROR    | polymarket_bot.execution:_execute_live:139 - Live execution: no orders placed for ETH
2026-07-03 07:47:01.162 | INFO     | __main__:trade_loop:191 - 📡 Signal approved: MOMENTUM_LONG BTC: UP/YES @ 0.505 | momentum=$+34.90 | implied_prob=50.50% | conf=21% | Expected slippage: $0.0000
2026-07-03 07:47:01.436 | ERROR    | polymarket_bot.clob_client:place_limit_order:391 - CLOB: Order placement failed: PolyApiException[status_code=400, error_message={'error': 'the order signer address has to be the address of the API KEY'}]
2026-07-03 07:47:01.438 | ERROR    | polymarket_bot.execution:_execute_live:139 - Live execution: no orders placed for BTC
2026-07-03 07:47:01.445 | INFO     | __main__:trade_loop:191 - 📡 Signal approved: MOMENTUM_LONG ETH: UP/YES @ 0.505 | momentum=$+1.37 | implied_prob=50.50% | conf=18% | Expected slippage: $0.0000
2026-07-03 07:47:01.641 | ERROR    | polymarket_bot.clob_client:place_limit_order:391 - CLOB: Order placement failed: PolyApiException[status_code=400, error_message={'error': 'the order signer address has to be the address of the API KEY'}]
2026-07-03 07:47:01.648 | ERROR    | polymarket_bot.execution:_execute_live:139 - Live execution: no orders placed for ETH
2026-07-03 07:47:06.658 | INFO     | __main__:trade_loop:191 - 📡 Signal approved: MOMENTUM_LONG BTC: UP/YES @ 0.505 | momentum=$+34.90 | implied_prob=50.50% | conf=15% | Expected slippage: $0.0000
2026-07-03 07:47:06.930 | ERROR    | polymarket_bot.clob_client:place_limit_order:391 - CLOB: Order placement failed: PolyApiException[status_code=400, error_message={'error': 'the order signer address has to be the address of the API KEY'}]
2026-07-03 07:47:06.931 | ERROR    | polymarket_bot.execution:_execute_live:139 - Live execution: no orders placed for BTC
2026-07-03 07:47:06.934 | INFO     | __main__:trade_loop:191 - 📡 Signal approved: MOMENTUM_LONG ETH: UP/YES @ 0.505 | momentum=$+1.25 | implied_prob=50.50% | conf=20% | Expected slippage: $0.0000
2026-07-03 07:47:07.092 | ERROR    | polymarket_bot.clob_client:place_limit_order:391 - CLOB: Order placement failed: PolyApiException[status_code=400, error_message={'error': 'the order signer address has to be the address of the API KEY'}]
2026-07-03 07:47:07.092 | ERROR    | polymarket_bot.execution:_execute_live:139 - Live execution: no orders placed for ETH
2026-07-03 07:47:12.250 | INFO     | __main__:trade_loop:191 - 📡 Signal approved: MOMENTUM_LONG BTC: UP/YES @ 0.505 | momentum=$+34.90 | implied_prob=50.50% | conf=16% | Expected slippage: $0.0000
2026-07-03 07:47:12.505 | ERROR    | polymarket_bot.clob_client:place_limit_order:391 - CLOB: Order placement failed: PolyApiException[status_code=400, error_message={'error': 'the order signer address has to be the address of the API KEY'}]
2026-07-03 07:47:12.505 | ERROR    | polymarket_bot.execution:_execute_live:139 - Live execution: no orders placed for BTC
2026-07-03 07:47:12.507 | INFO     | __main__:trade_loop:191 - 📡 Signal approved: MOMENTUM_LONG ETH: UP/YES @ 0.505 | momentum=$+1.25 | implied_prob=50.50% | conf=21% | Expected slippage: $0.0000
2026-07-03 07:47:12.676 | ERROR    | polymarket_bot.clob_client:place_limit_order:391 - CLOB: Order placement failed: PolyApiException[status_code=400, error_message={'error': 'the order signer address has to be the address of the API KEY'}]
2026-07-03 07:47:12.676 | ERROR    | polymarket_bot.execution:_execute_live:139 - Live execution: no orders placed for ETH
2026-07-03 07:47:12.686 | INFO     | __main__:trade_loop:243 - Heartbeat | Cash=$120.98 PnL=$+0.00 (W/L: 0/0) | Elapsed: 132s | BTC: Spot=$61,677.85 (Mom=$+0.00) | YES=$0.505 ($0.50/0.51) NO=$0.495 ($0.49/0.50) | ETH: Spot=$1,716.11 (Mom=$+0.36) | YES=$0.505 ($0.50/0.51) NO=$0.495 ($0.49/0.50)
2026-07-03 07:47:17.699 | INFO     | __main__:trade_loop:191 - 📡 Signal approved: MOMENTUM_LONG BTC: UP/YES @ 0.505 | momentum=$+34.90 | implied_prob=50.50% | conf=17% | Expected slippage: $0.0000
2026-07-03 07:47:17.964 | ERROR    | polymarket_bot.clob_client:place_limit_order:391 - CLOB: Order placement failed: PolyApiException[status_code=400, error_message={'error': 'the order signer address has to be the address of the API KEY'}]
2026-07-03 07:47:17.964 | ERROR    | polymarket_bot.execution:_execute_live:139 - Live execution: no orders placed for BTC
2026-07-03 07:47:17.967 | INFO     | __main__:trade_loop:191 - 📡 Signal approved: MOMENTUM_LONG ETH: UP/YES @ 0.505 | momentum=$+1.25 | implied_prob=50.50% | conf=22% | Expected slippage: $0.0000
2026-07-03 07:47:18.143 | ERROR    | polymarket_bot.clob_client:place_limit_order:391 - CLOB: Order placement failed: PolyApiException[status_code=400, error_message={'error': 'the order signer address has to be the address of the API KEY'}]
2026-07-03 07:47:18.144 | ERROR    | polymarket_bot.execution:_execute_live:139 - Live execution: no orders placed for ETH
2026-07-03 07:47:23.305 | INFO     | __main__:trade_loop:191 - 📡 Signal approved: MOMENTUM_LONG BTC: UP/YES @ 0.505 | momentum=$+30.60 | implied_prob=50.50% | conf=16% | Expected slippage: $0.0000
2026-07-03 07:47:23.573 | ERROR    | polymarket_bot.clob_client:place_limit_order:391 - CLOB: Order placement failed: PolyApiException[status_code=400, error_message={'error': 'the order signer address has to be the address of the API KEY'}]
2026-07-03 07:47:23.573 | ERROR    | polymarket_bot.execution:_execute_live:139 - Live execution: no orders placed for BTC
2026-07-03 07:47:23.576 | INFO     | __main__:trade_loop:191 - 📡 Signal approved: MOMENTUM_LONG ETH: UP/YES @ 0.505 | momentum=$+0.95 | implied_prob=50.50% | conf=18% | Expected slippage: $0.0000
2026-07-03 07:47:23.760 | ERROR    | polymarket_bot.clob_client:place_limit_order:391 - CLOB: Order placement failed: PolyApiException[status_code=400, error_message={'error': 'the order signer address has to be the address of the API KEY'}]
2026-07-03 07:47:23.760 | ERROR    | polymarket_bot.execution:_execute_live:139 - Live execution: no orders placed for ETH
2026-07-03 07:47:33.962 | INFO     | __main__:trade_loop:191 - 📡 Signal approved: MOMENTUM_LONG ETH: UP/YES @ 0.505 | momentum=$+0.82 | implied_prob=50.50% | conf=25% | Expected slippage: $0.0000
2026-07-03 07:47:34.230 | ERROR    | polymarket_bot.clob_client:place_limit_order:391 - CLOB: Order placement failed: PolyApiException[status_code=400, error_message={'error': 'the order signer address has to be the address of the API KEY'}]
2026-07-03 07:47:34.230 | ERROR    | polymarket_bot.execution:_execute_live:139 - Live execution: no orders placed for ETH
2026-07-03 07:47:44.433 | INFO     | __main__:trade_loop:243 - Heartbeat | Cash=$120.98 PnL=$+0.00 (W/L: 0/0) | Elapsed: 164s | BTC: Spot=$61,660.25 (Mom=$-17.60) | YES=$0.505 ($0.50/0.51) NO=$0.495 ($0.49/0.50) | ETH: Spot=$1,715.61 (Mom=$-0.49) | YES=$0.505 ($0.50/0.51) NO=$0.495 ($0.49/0.50)
2026-07-03 07:47:49.453 | INFO     | __main__:trade_loop:191 - 📡 Signal approved: MOMENTUM_LONG ETH: UP/YES @ 0.505 | momentum=$+0.90 | implied_prob=50.50% | conf=31% | Expected slippage: $0.0000
2026-07-03 07:47:49.855 | ERROR    | polymarket_bot.clob_client:place_limit_order:391 - CLOB: Order placement failed: PolyApiException[status_code=400, error_message={'error': 'the order signer address has to be the address of the API KEY'}]
2026-07-03 07:47:49.855 | ERROR    | polymarket_bot.execution:_execute_live:139 - Live execution: no orders placed for ETH
2026-07-03 07:48:15.456 | INFO     | __main__:trade_loop:243 - Heartbeat | Cash=$120.98 PnL=$+0.00 (W/L: 0/0) | Elapsed: 195s | BTC: Spot=$61,660.25 (Mom=$+0.00) | YES=$0.505 ($0.50/0.51) NO=$0.495 ($0.49/0.50) | ETH: Spot=$1,715.34 (Mom=$-0.27) | YES=$0.505 ($0.50/0.51) NO=$0.495 ($0.49/0.50)
2026-07-03 07:48:46.304 | INFO     | __main__:trade_loop:243 - Heartbeat | Cash=$120.98 PnL=$+0.00 (W/L: 0/0) | Elapsed: 226s | BTC: Spot=$61,652.65 (Mom=$-7.60) | YES=$0.505 ($0.50/0.51) NO=$0.495 ($0.49/0.50) | ETH: Spot=$1,715.39 (Mom=$+0.16) | YES=$0.505 ($0.50/0.51) NO=$0.495 ($0.49/0.50)
2026-07-03 07:49:17.111 | INFO     | __main__:trade_loop:243 - Heartbeat | Cash=$120.98 PnL=$+0.00 (W/L: 0/0) | Elapsed: 257s | BTC: Spot=$61,660.55 (Mom=$+4.20) | YES=$0.505 ($0.50/0.51) NO=$0.495 ($0.49/0.50) | ETH: Spot=$1,715.53 (Mom=$+0.13) | YES=$0.505 ($0.50/0.51) NO=$0.495 ($0.49/0.50)
2026-07-03 07:49:47.917 | INFO     | __main__:trade_loop:243 - Heartbeat | Cash=$120.98 PnL=$+0.00 (W/L: 0/0) | Elapsed: 288s | BTC: Spot=$61,680.35 (Mom=$+19.80) | YES=$0.495 ($0.49/0.50) NO=$0.505 ($0.50/0.51) | ETH: Spot=$1,715.76 (Mom=$+0.23) | YES=$0.505 ($0.50/0.51) NO=$0.495 ($0.49/0.50)
2026-07-03 07:50:03.674 | INFO     | polymarket_bot.market:_fetch_market_by_slug:134 -   📍 BTC market found via slug | UP=4062121079... DOWN=8997008833... | liquidity=$13894
2026-07-03 07:50:03.692 | INFO     | polymarket_bot.market:_fetch_market_by_slug:134 -   📍 ETH market found via slug | UP=3734314385... DOWN=5179738177... | liquidity=$5747
2026-07-03 07:50:03.694 | INFO     | polymarket_bot.clob_client:subscribe:195 - ClobBookCache: Token subscription list changed. Reconnecting to WS...
2026-07-03 07:50:04.710 | INFO     | polymarket_bot.clob_client:_stream_loop:232 - ClobBookCache: Polymarket WS connected
2026-07-03 07:50:04.711 | INFO     | polymarket_bot.clob_client:_stream_loop:240 - ClobBookCache: Subscribed to 4 tokens on connect
2026-07-03 07:50:19.558 | INFO     | __main__:trade_loop:243 - Heartbeat | Cash=$120.98 PnL=$+0.00 (W/L: 0/0) | Elapsed: 20s | BTC: Spot=$61,669.95 (Mom=$-10.40) | YES=$0.505 ($0.50/0.51) NO=$0.495 ($0.49/0.50) | ETH: Spot=$1,715.80 (Mom=$-0.11) | YES=$0.505 ($0.50/0.51) NO=$0.495 ($0.49/0.50)
2026-07-03 07:53:51.783 | INFO     | __main__:trade_loop:243 - Heartbeat | Cash=$120.98 PnL=$+0.00 (W/L: 0/0) | Elapsed: 231s | BTC: Spot=$61,673.75 (Mom=$+0.00) | YES=$0.505 ($0.50/0.51) NO=$0.495 ($0.49/0.50) | ETH: Spot=$1,715.68 (Mom=$+0.00) | YES=$0.475 ($0.47/0.48) NO=$0.525 ($0.52/0.53)
2026-07-03 08:07:04.678 | WARNING  | polymarket_bot.market:_fetch_market_by_search:230 - Gamma API error for BTC search: Cannot connect to host gamma-api.polymarket.com:443 ssl:default [Could not contact DNS servers]
2026-07-03 08:07:04.682 | WARNING  | polymarket_bot.market:_fetch_market_by_search:232 - No active 5-min market found for BTC
2026-07-03 08:07:04.682 | WARNING  | polymarket_bot.market:_fetch_market_by_search:230 - Gamma API error for ETH search: Cannot connect to host gamma-api.polymarket.com:443 ssl:default [Could not contact DNS servers]
2026-07-03 08:07:04.682 | WARNING  | polymarket_bot.market:_fetch_market_by_search:232 - No active 5-min market found for ETH
2026-07-03 08:07:05.203 | WARNING  | polymarket_bot.market:_fetch_market_by_search:230 - Gamma API error for ETH search: Cannot connect to host gamma-api.polymarket.com:443 ssl:default [Could not contact DNS servers]
2026-07-03 08:07:05.203 | WARNING  | polymarket_bot.market:_fetch_market_by_search:232 - No active 5-min market found for ETH
2026-07-03 08:07:05.204 | WARNING  | polymarket_bot.market:_fetch_market_by_search:230 - Gamma API error for BTC search: Cannot connect to host gamma-api.polymarket.com:443 ssl:default [Could not contact DNS servers]
2026-07-03 08:07:05.204 | WARNING  | polymarket_bot.market:_fetch_market_by_search:232 - No active 5-min market found for BTC
2026-07-03 08:07:06.220 | WARNING  | polymarket_bot.market:_fetch_market_by_search:230 - Gamma API error for BTC search: Cannot connect to host gamma-api.polymarket.com:443 ssl:default [Could not contact DNS servers]
2026-07-03 08:07:06.221 | WARNING  | polymarket_bot.market:_fetch_market_by_search:232 - No active 5-min market found for BTC
2026-07-03 08:07:06.222 | WARNING  | polymarket_bot.market:_fetch_market_by_search:230 - Gamma API error for ETH search: Cannot connect to host gamma-api.polymarket.com:443 ssl:default [Could not contact DNS servers]
2026-07-03 08:07:06.222 | WARNING  | polymarket_bot.market:_fetch_market_by_search:232 - No active 5-min market found for ETH
2026-07-03 08:07:06.236 | INFO     | __main__:trade_loop:243 - Heartbeat | Cash=$120.98 PnL=$+0.00 (W/L: 0/0) | Elapsed: 123s | BTC: No Active Market | ETH: No Active Market
2026-07-03 08:07:09.465 | ERROR    | polymarket_bot.price_feed:_listen_loop:193 - Bybit WebSocket error: sent 1011 (internal error) keepalive ping timeout; no close frame received. Reconnecting in 3s...
2026-07-03 08:07:12.470 | INFO     | polymarket_bot.price_feed:_listen_loop:131 - Connecting to Bybit WebSocket at wss://stream.bybit.com/v5/public/spot...
2026-07-03 08:07:12.501 | ERROR    | polymarket_bot.price_feed:_listen_loop:193 - Bybit WebSocket error: [Errno 8] nodename nor servname provided, or not known. Reconnecting in 3s...
2026-07-03 08:07:12.814 | WARNING  | polymarket_bot.market:_fetch_market_by_search:230 - Gamma API error for BTC search: Cannot connect to host gamma-api.polymarket.com:443 ssl:default [Could not contact DNS servers]
2026-07-03 08:07:12.815 | WARNING  | polymarket_bot.market:_fetch_market_by_search:232 - No active 5-min market found for BTC
2026-07-03 08:07:12.815 | WARNING  | polymarket_bot.market:_fetch_market_by_search:230 - Gamma API error for ETH search: Cannot connect to host gamma-api.polymarket.com:443 ssl:default [Could not contact DNS servers]
2026-07-03 08:07:12.815 | WARNING  | polymarket_bot.market:_fetch_market_by_search:232 - No active 5-min market found for ETH
2026-07-03 08:07:13.326 | WARNING  | polymarket_bot.market:_fetch_market_by_search:230 - Gamma API error for ETH search: Cannot connect to host gamma-api.polymarket.com:443 ssl:default [Could not contact DNS servers]
2026-07-03 08:07:13.327 | WARNING  | polymarket_bot.market:_fetch_market_by_search:232 - No active 5-min market found for ETH
2026-07-03 08:07:13.327 | WARNING  | polymarket_bot.market:_fetch_market_by_search:230 - Gamma API error for BTC search: Cannot connect to host gamma-api.polymarket.com:443 ssl:default [Could not contact DNS servers]
2026-07-03 08:07:13.327 | WARNING  | polymarket_bot.market:_fetch_market_by_search:232 - No active 5-min market found for BTC
2026-07-03 08:07:14.385 | WARNING  | polymarket_bot.market:_fetch_market_by_search:230 - Gamma API error for BTC search: Cannot connect to host gamma-api.polymarket.com:443 ssl:default [Could not contact DNS servers]
2026-07-03 08:07:14.386 | WARNING  | polymarket_bot.market:_fetch_market_by_search:232 - No active 5-min market found for BTC
2026-07-03 08:07:14.387 | WARNING  | polymarket_bot.market:_fetch_market_by_search:230 - Gamma API error for ETH search: Cannot connect to host gamma-api.polymarket.com:443 ssl:default [Could not contact DNS servers]
2026-07-03 08:07:14.388 | WARNING  | polymarket_bot.market:_fetch_market_by_search:232 - No active 5-min market found for ETH
2026-07-03 08:07:15.505 | INFO     | polymarket_bot.price_feed:_listen_loop:131 - Connecting to Bybit WebSocket at wss://stream.bybit.com/v5/public/spot...
2026-07-03 08:07:15.515 | ERROR    | polymarket_bot.price_feed:_listen_loop:193 - Bybit WebSocket error: [Errno 8] nodename nor servname provided, or not known. Reconnecting in 3s...
2026-07-03 08:07:18.522 | INFO     | polymarket_bot.price_feed:_listen_loop:131 - Connecting to Bybit WebSocket at wss://stream.bybit.com/v5/public/spot...
2026-07-03 08:07:18.529 | ERROR    | polymarket_bot.price_feed:_listen_loop:193 - Bybit WebSocket error: [Errno 8] nodename nor servname provided, or not known. Reconnecting in 3s...
2026-07-03 08:07:20.977 | WARNING  | polymarket_bot.market:_fetch_market_by_search:230 - Gamma API error for BTC search: Cannot connect to host gamma-api.polymarket.com:443 ssl:default [Could not contact DNS servers]
2026-07-03 08:07:20.984 | WARNING  | polymarket_bot.market:_fetch_market_by_search:232 - No active 5-min market found for BTC
2026-07-03 08:07:20.984 | WARNING  | polymarket_bot.market:_fetch_market_by_search:230 - Gamma API error for ETH search: Cannot connect to host gamma-api.polymarket.com:443 ssl:default [Could not contact DNS servers]
2026-07-03 08:07:20.985 | WARNING  | polymarket_bot.market:_fetch_market_by_search:232 - No active 5-min market found for ETH
2026-07-03 08:07:21.501 | WARNING  | polymarket_bot.market:_fetch_market_by_search:230 - Gamma API error for ETH search: Cannot connect to host gamma-api.polymarket.com:443 ssl:default [Could not contact DNS servers]
2026-07-03 08:07:21.501 | WARNING  | polymarket_bot.market:_fetch_market_by_search:232 - No active 5-min market found for ETH
2026-07-03 08:07:21.502 | WARNING  | polymarket_bot.market:_fetch_market_by_search:230 - Gamma API error for BTC search: Cannot connect to host gamma-api.polymarket.com:443 ssl:default [Could not contact DNS servers]
2026-07-03 08:07:21.504 | WARNING  | polymarket_bot.market:_fetch_market_by_search:232 - No active 5-min market found for BTC
2026-07-03 08:07:21.535 | INFO     | polymarket_bot.price_feed:_listen_loop:131 - Connecting to Bybit WebSocket at wss://stream.bybit.com/v5/public/spot...
2026-07-03 08:07:21.554 | ERROR    | polymarket_bot.price_feed:_listen_loop:193 - Bybit WebSocket error: [Errno 8] nodename nor servname provided, or not known. Reconnecting in 3s...
2026-07-03 08:07:21.987 | WARNING  | polymarket_bot.clob_client:_stream_loop:255 - ClobBookCache: WS disconnected (sent 1011 (internal error) keepalive ping timeout; no close frame received), reconnecting in 3.0s...
2026-07-03 08:07:22.558 | WARNING  | polymarket_bot.market:_fetch_market_by_search:230 - Gamma API error for BTC search: Cannot connect to host gamma-api.polymarket.com:443 ssl:default [Could not contact DNS servers]
2026-07-03 08:07:22.558 | WARNING  | polymarket_bot.market:_fetch_market_by_search:232 - No active 5-min market found for BTC
2026-07-03 08:07:22.559 | WARNING  | polymarket_bot.market:_fetch_market_by_search:230 - Gamma API error for ETH search: Cannot connect to host gamma-api.polymarket.com:443 ssl:default [Could not contact DNS servers]
2026-07-03 08:07:22.559 | WARNING  | polymarket_bot.market:_fetch_market_by_search:232 - No active 5-min market found for ETH
2026-07-03 08:07:24.558 | INFO     | polymarket_bot.price_feed:_listen_loop:131 - Connecting to Bybit WebSocket at wss://stream.bybit.com/v5/public/spot...
2026-07-03 08:07:24.565 | ERROR    | polymarket_bot.price_feed:_listen_loop:193 - Bybit WebSocket error: [Errno 8] nodename nor servname provided, or not known. Reconnecting in 3s...
2026-07-03 08:07:25.058 | WARNING  | polymarket_bot.clob_client:_stream_loop:255 - ClobBookCache: WS disconnected ([Errno 8] nodename nor servname provided, or not known), reconnecting in 4.5s...
2026-07-03 08:07:27.570 | INFO     | polymarket_bot.price_feed:_listen_loop:131 - Connecting to Bybit WebSocket at wss://stream.bybit.com/v5/public/spot...
2026-07-03 08:07:29.686 | INFO     | polymarket_bot.market:_fetch_market_by_slug:134 -   📍 BTC market found via slug | UP=9499554970... DOWN=4900118338... | liquidity=$16784
2026-07-03 08:07:29.737 | INFO     | polymarket_bot.market:_fetch_market_by_slug:134 -   📍 ETH market found via slug | UP=5621855644... DOWN=3571478992... | liquidity=$6780
2026-07-03 08:07:31.178 | INFO     | polymarket_bot.price_feed:_listen_loop:134 - Connected to Bybit public Spot WebSocket.
2026-07-03 08:07:31.337 | INFO     | polymarket_bot.price_feed:_listen_loop:139 - Subscribed to Bybit orderbook + trade topics: ['orderbook.1.BTCUSDT', 'orderbook.1.ETHUSDT', 'publicTrade.BTCUSDT', 'publicTrade.ETHUSDT']
2026-07-03 08:07:31.366 | INFO     | polymarket_bot.clob_client:_stream_loop:232 - ClobBookCache: Polymarket WS connected
2026-07-03 08:07:31.367 | INFO     | polymarket_bot.clob_client:_stream_loop:240 - ClobBookCache: Subscribed to 4 tokens on connect
2026-07-03 08:07:37.292 | INFO     | __main__:trade_loop:243 - Heartbeat | Cash=$120.98 PnL=$+0.00 (W/L: 0/0) | Elapsed: 157s | BTC: Spot=$61,749.85 (Mom=$+6.40) | YES=$0.505 ($0.50/0.51) NO=$0.495 ($0.49/0.50) | ETH: Spot=$1,717.18 (Mom=$+0.03) | YES=$0.505 ($0.50/0.51) NO=$0.495 ($0.49/0.50)
2026-07-03 08:28:38.708 | WARNING  | polymarket_bot.clob_client:_stream_loop:255 - ClobBookCache: WS disconnected (no close frame received or sent), reconnecting in 3.0s...
2026-07-03 08:28:39.126 | WARNING  | polymarket_bot.market:_fetch_market_by_search:230 - Gamma API error for BTC search: Cannot connect to host gamma-api.polymarket.com:443 ssl:default [Could not contact DNS servers]
2026-07-03 08:28:39.128 | WARNING  | polymarket_bot.market:_fetch_market_by_search:232 - No active 5-min market found for BTC
2026-07-03 08:28:39.128 | WARNING  | polymarket_bot.market:_fetch_market_by_search:230 - Gamma API error for ETH search: Cannot connect to host gamma-api.polymarket.com:443 ssl:default [Could not contact DNS servers]
2026-07-03 08:28:39.128 | WARNING  | polymarket_bot.market:_fetch_market_by_search:232 - No active 5-min market found for ETH
2026-07-03 08:28:39.646 | WARNING  | polymarket_bot.market:_fetch_market_by_search:230 - Gamma API error for ETH search: Cannot connect to host gamma-api.polymarket.com:443 ssl:default [Could not contact DNS servers]
2026-07-03 08:28:39.651 | WARNING  | polymarket_bot.market:_fetch_market_by_search:232 - No active 5-min market found for ETH
2026-07-03 08:28:39.653 | WARNING  | polymarket_bot.market:_fetch_market_by_search:230 - Gamma API error for BTC search: Cannot connect to host gamma-api.polymarket.com:443 ssl:default [Could not contact DNS servers]
2026-07-03 08:28:39.653 | WARNING  | polymarket_bot.market:_fetch_market_by_search:232 - No active 5-min market found for BTC
2026-07-03 08:28:39.888 | ERROR    | polymarket_bot.price_feed:_listen_loop:193 - Bybit WebSocket error: no close frame received or sent. Reconnecting in 3s...
2026-07-03 08:28:40.683 | WARNING  | polymarket_bot.market:_fetch_market_by_search:230 - Gamma API error for ETH search: Cannot connect to host gamma-api.polymarket.com:443 ssl:default [Could not contact DNS servers]
2026-07-03 08:28:40.684 | WARNING  | polymarket_bot.market:_fetch_market_by_search:232 - No active 5-min market found for ETH
2026-07-03 08:28:40.684 | WARNING  | polymarket_bot.market:_fetch_market_by_search:230 - Gamma API error for BTC search: Cannot connect to host gamma-api.polymarket.com:443 ssl:default [Could not contact DNS servers]
2026-07-03 08:28:40.688 | WARNING  | polymarket_bot.market:_fetch_market_by_search:232 - No active 5-min market found for BTC
2026-07-03 08:28:40.709 | INFO     | __main__:trade_loop:243 - Heartbeat | Cash=$120.98 PnL=$+0.00 (W/L: 0/0) | Elapsed: 81s | BTC: No Active Market | ETH: No Active Market
2026-07-03 08:28:41.788 | WARNING  | polymarket_bot.clob_client:_stream_loop:255 - ClobBookCache: WS disconnected ([Errno 8] nodename nor servname provided, or not known), reconnecting in 4.5s...
2026-07-03 08:28:42.937 | INFO     | polymarket_bot.price_feed:_listen_loop:131 - Connecting to Bybit WebSocket at wss://stream.bybit.com/v5/public/spot...
2026-07-03 08:28:43.031 | ERROR    | polymarket_bot.price_feed:_listen_loop:193 - Bybit WebSocket error: [Errno 8] nodename nor servname provided, or not known. Reconnecting in 3s...
2026-07-03 08:45:00.679 | INFO     | polymarket_bot.price_feed:_listen_loop:131 - Connecting to Bybit WebSocket at wss://stream.bybit.com/v5/public/spot...
2026-07-03 08:45:00.742 | ERROR    | polymarket_bot.price_feed:_listen_loop:193 - Bybit WebSocket error: [Errno 8] nodename nor servname provided, or not known. Reconnecting in 3s...
2026-07-03 08:45:00.816 | WARNING  | polymarket_bot.clob_client:_stream_loop:255 - ClobBookCache: WS disconnected ([Errno 8] nodename nor servname provided, or not known), reconnecting in 6.8s...
2026-07-03 08:45:02.224 | WARNING  | polymarket_bot.market:_fetch_market_by_search:230 - Gamma API error for BTC search: Cannot connect to host gamma-api.polymarket.com:443 ssl:default [Could not contact DNS servers]
2026-07-03 08:45:02.225 | WARNING  | polymarket_bot.market:_fetch_market_by_search:232 - No active 5-min market found for BTC
2026-07-03 08:45:02.227 | WARNING  | polymarket_bot.market:_fetch_market_by_search:230 - Gamma API error for ETH search: Cannot connect to host gamma-api.polymarket.com:443 ssl:default [Could not contact DNS servers]
2026-07-03 08:45:02.227 | WARNING  | polymarket_bot.market:_fetch_market_by_search:232 - No active 5-min market found for ETH
2026-07-03 08:45:02.741 | WARNING  | polymarket_bot.market:_fetch_market_by_search:230 - Gamma API error for ETH search: Cannot connect to host gamma-api.polymarket.com:443 ssl:default [Could not contact DNS servers]
2026-07-03 08:45:02.756 | WARNING  | polymarket_bot.market:_fetch_market_by_search:232 - No active 5-min market found for ETH
2026-07-03 08:45:02.757 | WARNING  | polymarket_bot.market:_fetch_market_by_search:230 - Gamma API error for BTC search: Cannot connect to host gamma-api.polymarket.com:443 ssl:default [Could not contact DNS servers]
2026-07-03 08:45:02.758 | WARNING  | polymarket_bot.market:_fetch_market_by_search:232 - No active 5-min market found for BTC
2026-07-03 08:45:03.775 | INFO     | polymarket_bot.price_feed:_listen_loop:131 - Connecting to Bybit WebSocket at wss://stream.bybit.com/v5/public/spot...
2026-07-03 08:45:03.783 | WARNING  | polymarket_bot.market:_fetch_market_by_search:230 - Gamma API error for BTC search: Cannot connect to host gamma-api.polymarket.com:443 ssl:default [Could not contact DNS servers]
2026-07-03 08:45:03.785 | WARNING  | polymarket_bot.market:_fetch_market_by_search:232 - No active 5-min market found for BTC
2026-07-03 08:45:03.785 | WARNING  | polymarket_bot.market:_fetch_market_by_search:230 - Gamma API error for ETH search: Cannot connect to host gamma-api.polymarket.com:443 ssl:default [Could not contact DNS servers]
2026-07-03 08:45:03.785 | WARNING  | polymarket_bot.market:_fetch_market_by_search:232 - No active 5-min market found for ETH
2026-07-03 08:45:03.785 | ERROR    | polymarket_bot.price_feed:_listen_loop:193 - Bybit WebSocket error: [Errno 8] nodename nor servname provided, or not known. Reconnecting in 3s...
2026-07-03 08:45:03.800 | INFO     | __main__:trade_loop:243 - Heartbeat | Cash=$120.98 PnL=$+0.00 (W/L: 0/0) | Elapsed: 0s | BTC: No Active Market | ETH: No Active Market
2026-07-03 09:00:02.582 | INFO     | polymarket_bot.price_feed:_listen_loop:131 - Connecting to Bybit WebSocket at wss://stream.bybit.com/v5/public/spot...
2026-07-03 09:00:02.605 | ERROR    | polymarket_bot.price_feed:_listen_loop:193 - Bybit WebSocket error: [Errno 8] nodename nor servname provided, or not known. Reconnecting in 3s...
2026-07-03 09:00:03.363 | WARNING  | polymarket_bot.clob_client:_stream_loop:255 - ClobBookCache: WS disconnected ([Errno 8] nodename nor servname provided, or not known), reconnecting in 10.1s...
2026-07-03 09:00:05.609 | INFO     | polymarket_bot.price_feed:_listen_loop:131 - Connecting to Bybit WebSocket at wss://stream.bybit.com/v5/public/spot...
2026-07-03 09:00:05.621 | ERROR    | polymarket_bot.price_feed:_listen_loop:193 - Bybit WebSocket error: [Errno 8] nodename nor servname provided, or not known. Reconnecting in 3s...
2026-07-03 09:00:06.232 | WARNING  | polymarket_bot.market:_fetch_market_by_search:230 - Gamma API error for BTC search: Cannot connect to host gamma-api.polymarket.com:443 ssl:default [Could not contact DNS servers]
2026-07-03 09:00:06.233 | WARNING  | polymarket_bot.market:_fetch_market_by_search:232 - No active 5-min market found for BTC
2026-07-03 09:00:06.233 | WARNING  | polymarket_bot.market:_fetch_market_by_search:230 - Gamma API error for ETH search: Cannot connect to host gamma-api.polymarket.com:443 ssl:default [Could not contact DNS servers]
2026-07-03 09:00:06.233 | WARNING  | polymarket_bot.market:_fetch_market_by_search:232 - No active 5-min market found for ETH
2026-07-03 09:00:06.744 | WARNING  | polymarket_bot.market:_fetch_market_by_search:230 - Gamma API error for BTC search: Cannot connect to host gamma-api.polymarket.com:443 ssl:default [Could not contact DNS servers]
2026-07-03 09:00:06.744 | WARNING  | polymarket_bot.market:_fetch_market_by_search:232 - No active 5-min market found for BTC
2026-07-03 09:00:06.774 | WARNING  | polymarket_bot.market:_fetch_market_by_search:230 - Gamma API error for ETH search: Cannot connect to host gamma-api.polymarket.com:443 ssl:default [Could not contact DNS servers]
2026-07-03 09:00:06.774 | WARNING  | polymarket_bot.market:_fetch_market_by_search:232 - No active 5-min market found for ETH
2026-07-03 09:00:07.893 | WARNING  | polymarket_bot.market:_fetch_market_by_search:230 - Gamma API error for BTC search: Cannot connect to host gamma-api.polymarket.com:443 ssl:default [Could not contact DNS servers]
2026-07-03 09:00:07.893 | WARNING  | polymarket_bot.market:_fetch_market_by_search:232 - No active 5-min market found for BTC
2026-07-03 09:00:07.893 | WARNING  | polymarket_bot.market:_fetch_market_by_search:230 - Gamma API error for ETH search: Cannot connect to host gamma-api.polymarket.com:443 ssl:default [Could not contact DNS servers]
2026-07-03 09:00:07.893 | WARNING  | polymarket_bot.market:_fetch_market_by_search:232 - No active 5-min market found for ETH
2026-07-03 09:00:07.900 | INFO     | __main__:trade_loop:243 - Heartbeat | Cash=$120.98 PnL=$+0.00 (W/L: 0/0) | Elapsed: 5s | BTC: No Active Market | ETH: No Active Market
2026-07-03 09:15:46.873 | INFO     | polymarket_bot.price_feed:_listen_loop:131 - Connecting to Bybit WebSocket at wss://stream.bybit.com/v5/public/spot...
2026-07-03 09:15:46.891 | ERROR    | polymarket_bot.price_feed:_listen_loop:193 - Bybit WebSocket error: [Errno 8] nodename nor servname provided, or not known. Reconnecting in 3s...
2026-07-03 09:15:49.899 | INFO     | polymarket_bot.price_feed:_listen_loop:131 - Connecting to Bybit WebSocket at wss://stream.bybit.com/v5/public/spot...
2026-07-03 09:15:49.930 | ERROR    | polymarket_bot.price_feed:_listen_loop:193 - Bybit WebSocket error: [Errno 8] nodename nor servname provided, or not known. Reconnecting in 3s...
2026-07-03 09:15:51.532 | WARNING  | polymarket_bot.clob_client:_stream_loop:255 - ClobBookCache: WS disconnected ([Errno 8] nodename nor servname provided, or not known), reconnecting in 15.2s...
2026-07-03 09:31:06.325 | WARNING  | polymarket_bot.market:_fetch_market_by_search:230 - Gamma API error for BTC search: Cannot connect to host gamma-api.polymarket.com:443 ssl:default [Could not contact DNS servers]
2026-07-03 09:31:06.325 | WARNING  | polymarket_bot.market:_fetch_market_by_search:232 - No active 5-min market found for BTC
2026-07-03 09:31:06.326 | WARNING  | polymarket_bot.market:_fetch_market_by_search:230 - Gamma API error for ETH search: Cannot connect to host gamma-api.polymarket.com:443 ssl:default [Could not contact DNS servers]
2026-07-03 09:31:06.326 | WARNING  | polymarket_bot.market:_fetch_market_by_search:232 - No active 5-min market found for ETH
2026-07-03 09:31:06.756 | INFO     | polymarket_bot.price_feed:_listen_loop:131 - Connecting to Bybit WebSocket at wss://stream.bybit.com/v5/public/spot...
2026-07-03 09:31:06.760 | ERROR    | polymarket_bot.price_feed:_listen_loop:193 - Bybit WebSocket error: [Errno 8] nodename nor servname provided, or not known. Reconnecting in 3s...
2026-07-03 09:31:06.836 | WARNING  | polymarket_bot.market:_fetch_market_by_search:230 - Gamma API error for ETH search: Cannot connect to host gamma-api.polymarket.com:443 ssl:default [Could not contact DNS servers]
2026-07-03 09:31:06.837 | WARNING  | polymarket_bot.market:_fetch_market_by_search:232 - No active 5-min market found for ETH
2026-07-03 09:31:06.837 | WARNING  | polymarket_bot.market:_fetch_market_by_search:230 - Gamma API error for BTC search: Cannot connect to host gamma-api.polymarket.com:443 ssl:default [Could not contact DNS servers]
2026-07-03 09:31:06.837 | WARNING  | polymarket_bot.market:_fetch_market_by_search:232 - No active 5-min market found for BTC
2026-07-03 09:31:07.851 | WARNING  | polymarket_bot.market:_fetch_market_by_search:230 - Gamma API error for BTC search: Cannot connect to host gamma-api.polymarket.com:443 ssl:default [Could not contact DNS servers]
2026-07-03 09:31:07.854 | WARNING  | polymarket_bot.market:_fetch_market_by_search:232 - No active 5-min market found for BTC
2026-07-03 09:31:07.855 | WARNING  | polymarket_bot.market:_fetch_market_by_search:230 - Gamma API error for ETH search: Cannot connect to host gamma-api.polymarket.com:443 ssl:default [Could not contact DNS servers]
2026-07-03 09:31:07.855 | WARNING  | polymarket_bot.market:_fetch_market_by_search:232 - No active 5-min market found for ETH
2026-07-03 09:31:07.858 | INFO     | __main__:trade_loop:243 - Heartbeat | Cash=$120.98 PnL=$+0.00 (W/L: 0/0) | Elapsed: 51s | BTC: No Active Market | ETH: No Active Market
2026-07-03 09:31:09.764 | INFO     | polymarket_bot.price_feed:_listen_loop:131 - Connecting to Bybit WebSocket at wss://stream.bybit.com/v5/public/spot...
2026-07-03 09:31:09.769 | ERROR    | polymarket_bot.price_feed:_listen_loop:193 - Bybit WebSocket error: [Errno 8] nodename nor servname provided, or not known. Reconnecting in 3s...
2026-07-03 09:48:58.391 | INFO     | polymarket_bot.price_feed:_listen_loop:131 - Connecting to Bybit WebSocket at wss://stream.bybit.com/v5/public/spot...
2026-07-03 09:48:58.403 | ERROR    | polymarket_bot.price_feed:_listen_loop:193 - Bybit WebSocket error: [Errno 8] nodename nor servname provided, or not known. Reconnecting in 3s...
2026-07-03 09:49:00.051 | WARNING  | polymarket_bot.market:_fetch_market_by_search:230 - Gamma API error for BTC search: Cannot connect to host gamma-api.polymarket.com:443 ssl:default [Could not contact DNS servers]
2026-07-03 09:49:00.052 | WARNING  | polymarket_bot.market:_fetch_market_by_search:232 - No active 5-min market found for BTC
2026-07-03 09:49:00.054 | WARNING  | polymarket_bot.market:_fetch_market_by_search:230 - Gamma API error for ETH search: Cannot connect to host gamma-api.polymarket.com:443 ssl:default [Could not contact DNS servers]
2026-07-03 09:49:00.055 | WARNING  | polymarket_bot.market:_fetch_market_by_search:232 - No active 5-min market found for ETH
2026-07-03 09:49:00.599 | WARNING  | polymarket_bot.market:_fetch_market_by_search:230 - Gamma API error for ETH search: Cannot connect to host gamma-api.polymarket.com:443 ssl:default [Could not contact DNS servers]
2026-07-03 09:49:00.615 | WARNING  | polymarket_bot.market:_fetch_market_by_search:232 - No active 5-min market found for ETH
2026-07-03 09:49:00.619 | WARNING  | polymarket_bot.market:_fetch_market_by_search:230 - Gamma API error for BTC search: Cannot connect to host gamma-api.polymarket.com:443 ssl:default [Could not contact DNS servers]
2026-07-03 09:49:00.620 | WARNING  | polymarket_bot.market:_fetch_market_by_search:232 - No active 5-min market found for BTC
2026-07-03 09:49:01.406 | INFO     | polymarket_bot.price_feed:_listen_loop:131 - Connecting to Bybit WebSocket at wss://stream.bybit.com/v5/public/spot...
2026-07-03 09:49:01.410 | ERROR    | polymarket_bot.price_feed:_listen_loop:193 - Bybit WebSocket error: [Errno 8] nodename nor servname provided, or not known. Reconnecting in 3s...
2026-07-03 09:49:01.636 | WARNING  | polymarket_bot.market:_fetch_market_by_search:230 - Gamma API error for BTC search: Cannot connect to host gamma-api.polymarket.com:443 ssl:default [Could not contact DNS servers]
2026-07-03 09:49:01.640 | WARNING  | polymarket_bot.market:_fetch_market_by_search:232 - No active 5-min market found for BTC
2026-07-03 09:49:01.640 | WARNING  | polymarket_bot.market:_fetch_market_by_search:230 - Gamma API error for ETH search: Cannot connect to host gamma-api.polymarket.com:443 ssl:default [Could not contact DNS servers]
2026-07-03 09:49:01.640 | WARNING  | polymarket_bot.market:_fetch_market_by_search:232 - No active 5-min market found for ETH
2026-07-03 09:49:01.645 | INFO     | __main__:trade_loop:243 - Heartbeat | Cash=$120.98 PnL=$+0.00 (W/L: 0/0) | Elapsed: 238s | BTC: No Active Market | ETH: No Active Market
2026-07-03 09:51:32.472 | INFO     | polymarket_bot.price_feed:_listen_loop:131 - Connecting to Bybit WebSocket at wss://stream.bybit.com/v5/public/spot...
2026-07-03 09:51:32.483 | ERROR    | polymarket_bot.price_feed:_listen_loop:193 - Bybit WebSocket error: [Errno 8] nodename nor servname provided, or not known. Reconnecting in 3s...
2026-07-03 09:51:34.232 | WARNING  | polymarket_bot.clob_client:_stream_loop:255 - ClobBookCache: WS disconnected ([Errno 8] nodename nor servname provided, or not known), reconnecting in 22.8s...
2026-07-03 09:51:35.486 | INFO     | polymarket_bot.price_feed:_listen_loop:131 - Connecting to Bybit WebSocket at wss://stream.bybit.com/v5/public/spot...
2026-07-03 09:51:35.491 | ERROR    | polymarket_bot.price_feed:_listen_loop:193 - Bybit WebSocket error: [Errno 8] nodename nor servname provided, or not known. Reconnecting in 3s...
2026-07-03 09:51:36.267 | WARNING  | polymarket_bot.market:_fetch_market_by_search:230 - Gamma API error for BTC search: Cannot connect to host gamma-api.polymarket.com:443 ssl:default [Could not contact DNS servers]
2026-07-03 09:51:36.268 | WARNING  | polymarket_bot.market:_fetch_market_by_search:232 - No active 5-min market found for BTC
2026-07-03 09:51:36.276 | WARNING  | polymarket_bot.market:_fetch_market_by_search:230 - Gamma API error for ETH search: Cannot connect to host gamma-api.polymarket.com:443 ssl:default [Could not contact DNS servers]
2026-07-03 09:51:36.276 | WARNING  | polymarket_bot.market:_fetch_market_by_search:232 - No active 5-min market found for ETH
2026-07-03 09:51:36.786 | WARNING  | polymarket_bot.market:_fetch_market_by_search:230 - Gamma API error for BTC search: Cannot connect to host gamma-api.polymarket.com:443 ssl:default [Could not contact DNS servers]
2026-07-03 09:51:36.786 | WARNING  | polymarket_bot.market:_fetch_market_by_search:232 - No active 5-min market found for BTC
2026-07-03 09:51:36.787 | WARNING  | polymarket_bot.market:_fetch_market_by_search:230 - Gamma API error for ETH search: Cannot connect to host gamma-api.polymarket.com:443 ssl:default [Could not contact DNS servers]
2026-07-03 09:51:36.787 | WARNING  | polymarket_bot.market:_fetch_market_by_search:232 - No active 5-min market found for ETH
2026-07-03 09:51:37.796 | WARNING  | polymarket_bot.market:_fetch_market_by_search:230 - Gamma API error for ETH search: Cannot connect to host gamma-api.polymarket.com:443 ssl:default [Could not contact DNS servers]
2026-07-03 09:51:37.797 | WARNING  | polymarket_bot.market:_fetch_market_by_search:232 - No active 5-min market found for ETH
2026-07-03 09:51:37.797 | WARNING  | polymarket_bot.market:_fetch_market_by_search:230 - Gamma API error for BTC search: Cannot connect to host gamma-api.polymarket.com:443 ssl:default [Could not contact DNS servers]
2026-07-03 09:51:37.797 | WARNING  | polymarket_bot.market:_fetch_market_by_search:232 - No active 5-min market found for BTC
2026-07-03 09:51:37.798 | INFO     | __main__:trade_loop:243 - Heartbeat | Cash=$120.98 PnL=$+0.00 (W/L: 0/0) | Elapsed: 95s | BTC: No Active Market | ETH: No Active Market
2026-07-03 09:51:38.493 | INFO     | polymarket_bot.price_feed:_listen_loop:131 - Connecting to Bybit WebSocket at wss://stream.bybit.com/v5/public/spot...
2026-07-03 09:51:38.496 | ERROR    | polymarket_bot.price_feed:_listen_loop:193 - Bybit WebSocket error: [Errno 8] nodename nor servname provided, or not known. Reconnecting in 3s...
2026-07-03 09:51:41.499 | INFO     | polymarket_bot.price_feed:_listen_loop:131 - Connecting to Bybit WebSocket at wss://stream.bybit.com/v5/public/spot...
2026-07-03 09:51:41.501 | ERROR    | polymarket_bot.price_feed:_listen_loop:193 - Bybit WebSocket error: [Errno 8] nodename nor servname provided, or not known. Reconnecting in 3s...
2026-07-03 09:58:36.372 | WARNING  | polymarket_bot.market:_fetch_market_by_search:230 - Gamma API error for BTC search: Cannot connect to host gamma-api.polymarket.com:443 ssl:default [Could not contact DNS servers]
2026-07-03 09:58:36.374 | WARNING  | polymarket_bot.market:_fetch_market_by_search:232 - No active 5-min market found for BTC
2026-07-03 09:58:36.375 | WARNING  | polymarket_bot.market:_fetch_market_by_search:230 - Gamma API error for ETH search: Cannot connect to host gamma-api.polymarket.com:443 ssl:default [Could not contact DNS servers]
2026-07-03 09:58:36.375 | WARNING  | polymarket_bot.market:_fetch_market_by_search:232 - No active 5-min market found for ETH
2026-07-03 09:58:36.514 | INFO     | polymarket_bot.price_feed:_listen_loop:131 - Connecting to Bybit WebSocket at wss://stream.bybit.com/v5/public/spot...
2026-07-03 09:58:36.520 | ERROR    | polymarket_bot.price_feed:_listen_loop:193 - Bybit WebSocket error: [Errno 8] nodename nor servname provided, or not known. Reconnecting in 3s...
2026-07-03 09:58:36.883 | WARNING  | polymarket_bot.market:_fetch_market_by_search:230 - Gamma API error for ETH search: Cannot connect to host gamma-api.polymarket.com:443 ssl:default [Could not contact DNS servers]
2026-07-03 09:58:36.883 | WARNING  | polymarket_bot.market:_fetch_market_by_search:232 - No active 5-min market found for ETH
2026-07-03 09:58:36.884 | WARNING  | polymarket_bot.market:_fetch_market_by_search:230 - Gamma API error for BTC search: Cannot connect to host gamma-api.polymarket.com:443 ssl:default [Could not contact DNS servers]
2026-07-03 09:58:36.884 | WARNING  | polymarket_bot.market:_fetch_market_by_search:232 - No active 5-min market found for BTC
2026-07-03 09:58:37.909 | WARNING  | polymarket_bot.market:_fetch_market_by_search:230 - Gamma API error for BTC search: Cannot connect to host gamma-api.polymarket.com:443 ssl:default [Could not contact DNS servers]
2026-07-03 09:58:37.912 | WARNING  | polymarket_bot.market:_fetch_market_by_search:232 - No active 5-min market found for BTC
2026-07-03 09:58:37.913 | WARNING  | polymarket_bot.market:_fetch_market_by_search:230 - Gamma API error for ETH search: Cannot connect to host gamma-api.polymarket.com:443 ssl:default [Could not contact DNS servers]
2026-07-03 09:58:37.914 | WARNING  | polymarket_bot.market:_fetch_market_by_search:232 - No active 5-min market found for ETH
2026-07-03 09:58:37.937 | INFO     | __main__:trade_loop:243 - Heartbeat | Cash=$120.98 PnL=$+0.00 (W/L: 0/0) | Elapsed: 215s | BTC: No Active Market | ETH: No Active Market
2026-07-03 09:58:39.628 | INFO     | polymarket_bot.price_feed:_listen_loop:131 - Connecting to Bybit WebSocket at wss://stream.bybit.com/v5/public/spot...
2026-07-03 09:58:43.633 | INFO     | polymarket_bot.price_feed:_listen_loop:134 - Connected to Bybit public Spot WebSocket.
2026-07-03 09:58:43.960 | INFO     | polymarket_bot.price_feed:_listen_loop:139 - Subscribed to Bybit orderbook + trade topics: ['orderbook.1.BTCUSDT', 'orderbook.1.ETHUSDT', 'publicTrade.BTCUSDT', 'publicTrade.ETHUSDT']
2026-07-03 09:58:45.223 | INFO     | polymarket_bot.market:_fetch_market_by_slug:134 -   📍 BTC market found via slug | UP=5373805099... DOWN=1880864982... | liquidity=$16669
2026-07-03 09:58:45.313 | INFO     | polymarket_bot.market:_fetch_market_by_slug:134 -   📍 ETH market found via slug | UP=1060702347... DOWN=8655302058... | liquidity=$5706
2026-07-03 09:58:49.705 | INFO     | polymarket_bot.clob_client:_stream_loop:232 - ClobBookCache: Polymarket WS connected
2026-07-03 09:58:49.712 | INFO     | polymarket_bot.clob_client:_stream_loop:240 - ClobBookCache: Subscribed to 4 tokens on connect
2026-07-03 09:59:11.766 | INFO     | __main__:trade_loop:243 - Heartbeat | Cash=$120.98 PnL=$+0.00 (W/L: 0/0) | Elapsed: 252s | BTC: Spot=$61,589.65 (Mom=$-0.80) | YES=$0.515 ($0.51/0.52) NO=$0.485 ($0.48/0.49) | ETH: Spot=$1,720.07 (Mom=$+0.69) | YES=$0.505 ($0.50/0.51) NO=$0.495 ($0.49/0.50)
2026-07-03 09:59:42.716 | INFO     | __main__:trade_loop:243 - Heartbeat | Cash=$120.98 PnL=$+0.00 (W/L: 0/0) | Elapsed: 283s | BTC: Spot=$61,588.55 (Mom=$-1.10) | YES=$0.525 ($0.52/0.53) NO=$0.475 ($0.47/0.48) | ETH: Spot=$1,720.16 (Mom=$+0.18) | YES=$0.505 ($0.50/0.51) NO=$0.495 ($0.49/0.50)
2026-07-03 10:00:03.548 | INFO     | polymarket_bot.market:_fetch_market_by_slug:134 -   📍 BTC market found via slug | UP=3589097882... DOWN=2017977109... | liquidity=$17428
2026-07-03 10:00:03.559 | INFO     | polymarket_bot.market:_fetch_market_by_slug:134 -   📍 ETH market found via slug | UP=8165900291... DOWN=7615346243... | liquidity=$6787
2026-07-03 10:00:03.561 | INFO     | polymarket_bot.clob_client:subscribe:195 - ClobBookCache: Token subscription list changed. Reconnecting to WS...
2026-07-03 10:00:04.083 | INFO     | polymarket_bot.clob_client:_stream_loop:232 - ClobBookCache: Polymarket WS connected
2026-07-03 10:00:04.084 | INFO     | polymarket_bot.clob_client:_stream_loop:240 - ClobBookCache: Subscribed to 4 tokens on connect
2026-07-03 10:00:14.378 | INFO     | __main__:trade_loop:243 - Heartbeat | Cash=$120.98 PnL=$+0.00 (W/L: 0/0) | Elapsed: 14s | BTC: Spot=$61,583.75 (Mom=$-2.20) | YES=$0.505 ($0.50/0.51) NO=$0.495 ($0.49/0.50) | ETH: Spot=$1,719.53 (Mom=$-0.24) | YES=$0.505 ($0.50/0.51) NO=$0.495 ($0.49/0.50)
2026-07-03 10:00:45.351 | INFO     | __main__:trade_loop:243 - Heartbeat | Cash=$120.98 PnL=$+0.00 (W/L: 0/0) | Elapsed: 45s | BTC: Spot=$61,551.15 (Mom=$-32.60) | YES=$0.505 ($0.50/0.51) NO=$0.495 ($0.49/0.50) | ETH: Spot=$1,718.43 (Mom=$-1.10) | YES=$0.505 ($0.50/0.51) NO=$0.495 ($0.49/0.50)
2026-07-03 10:01:16.249 | INFO     | __main__:trade_loop:243 - Heartbeat | Cash=$120.98 PnL=$+0.00 (W/L: 0/0) | Elapsed: 76s | BTC: Spot=$61,553.85 (Mom=$+4.70) | YES=$0.525 ($0.52/0.53) NO=$0.475 ($0.47/0.48) | ETH: Spot=$1,719.05 (Mom=$+0.76) | YES=$0.505 ($0.50/0.51) NO=$0.495 ($0.49/0.50)
2026-07-03 10:01:47.149 | INFO     | __main__:trade_loop:191 - 📡 Signal approved: MOMENTUM_LONG ETH: UP/YES @ 0.505 | momentum=$+1.49 | implied_prob=50.50% | conf=23% | Expected slippage: $0.0000
2026-07-03 10:01:47.745 | ERROR    | polymarket_bot.clob_client:place_limit_order:391 - CLOB: Order placement failed: PolyApiException[status_code=400, error_message={'error': 'the order signer address has to be the address of the API KEY'}]
2026-07-03 10:01:47.745 | ERROR    | polymarket_bot.execution:_execute_live:139 - Live execution: no orders placed for ETH
2026-07-03 10:01:47.748 | INFO     | __main__:trade_loop:243 - Heartbeat | Cash=$120.98 PnL=$+0.00 (W/L: 0/0) | Elapsed: 107s | BTC: Spot=$61,608.55 (Mom=$+54.70) | YES=$0.525 ($0.52/0.53) NO=$0.475 ($0.47/0.48) | ETH: Spot=$1,721.26 (Mom=$+2.53) | YES=$0.505 ($0.50/0.51) NO=$0.495 ($0.49/0.50)
2026-07-03 10:01:58.080 | INFO     | __main__:trade_loop:191 - 📡 Signal approved: MOMENTUM_LONG ETH: UP/YES @ 0.505 | momentum=$+0.85 | implied_prob=50.50% | conf=18% | Expected slippage: $0.0000
2026-07-03 10:01:58.305 | ERROR    | polymarket_bot.clob_client:place_limit_order:391 - CLOB: Order placement failed: PolyApiException[status_code=400, error_message={'error': 'the order signer address has to be the address of the API KEY'}]
2026-07-03 10:01:58.305 | ERROR    | polymarket_bot.execution:_execute_live:139 - Live execution: no orders placed for ETH
2026-07-03 10:02:03.315 | INFO     | __main__:trade_loop:191 - 📡 Signal approved: MOMENTUM_LONG ETH: UP/YES @ 0.505 | momentum=$+0.94 | implied_prob=50.50% | conf=22% | Expected slippage: $0.0000
2026-07-03 10:02:03.550 | ERROR    | polymarket_bot.clob_client:place_limit_order:391 - CLOB: Order placement failed: PolyApiException[status_code=400, error_message={'error': 'the order signer address has to be the address of the API KEY'}]
2026-07-03 10:02:03.550 | ERROR    | polymarket_bot.execution:_execute_live:139 - Live execution: no orders placed for ETH
2026-07-03 10:02:08.842 | INFO     | __main__:trade_loop:191 - 📡 Signal approved: MOMENTUM_LONG ETH: UP/YES @ 0.505 | momentum=$+0.98 | implied_prob=50.50% | conf=24% | Expected slippage: $0.0000
2026-07-03 10:02:09.073 | ERROR    | polymarket_bot.clob_client:place_limit_order:391 - CLOB: Order placement failed: PolyApiException[status_code=400, error_message={'error': 'the order signer address has to be the address of the API KEY'}]
2026-07-03 10:02:09.073 | ERROR    | polymarket_bot.execution:_execute_live:139 - Live execution: no orders placed for ETH
2026-07-03 10:02:14.083 | INFO     | __main__:trade_loop:191 - 📡 Signal approved: MOMENTUM_LONG ETH: UP/YES @ 0.505 | momentum=$+1.30 | implied_prob=50.50% | conf=31% | Expected slippage: $0.0000
2026-07-03 10:02:14.325 | ERROR    | polymarket_bot.clob_client:place_limit_order:391 - CLOB: Order placement failed: PolyApiException[status_code=400, error_message={'error': 'the order signer address has to be the address of the API KEY'}]
2026-07-03 10:02:14.325 | ERROR    | polymarket_bot.execution:_execute_live:139 - Live execution: no orders placed for ETH
2026-07-03 10:02:19.598 | INFO     | __main__:trade_loop:191 - 📡 Signal approved: MOMENTUM_LONG ETH: UP/YES @ 0.505 | momentum=$+1.54 | implied_prob=50.50% | conf=33% | Expected slippage: $0.0000
2026-07-03 10:02:19.818 | ERROR    | polymarket_bot.clob_client:place_limit_order:391 - CLOB: Order placement failed: PolyApiException[status_code=400, error_message={'error': 'the order signer address has to be the address of the API KEY'}]
2026-07-03 10:02:19.818 | ERROR    | polymarket_bot.execution:_execute_live:139 - Live execution: no orders placed for ETH
2026-07-03 10:02:19.819 | INFO     | __main__:trade_loop:243 - Heartbeat | Cash=$120.98 PnL=$+0.00 (W/L: 0/0) | Elapsed: 139s | BTC: Spot=$61,603.65 (Mom=$+2.60) | YES=$0.525 ($0.52/0.53) NO=$0.475 ($0.47/0.48) | ETH: Spot=$1,721.47 (Mom=$+0.37) | YES=$0.505 ($0.50/0.51) NO=$0.495 ($0.49/0.50)
2026-07-03 10:02:24.827 | INFO     | __main__:trade_loop:191 - 📡 Signal approved: MOMENTUM_LONG ETH: UP/YES @ 0.505 | momentum=$+1.54 | implied_prob=50.50% | conf=34% | Expected slippage: $0.0000
2026-07-03 10:02:25.071 | ERROR    | polymarket_bot.clob_client:place_limit_order:391 - CLOB: Order placement failed: PolyApiException[status_code=400, error_message={'error': 'the order signer address has to be the address of the API KEY'}]
2026-07-03 10:02:25.071 | ERROR    | polymarket_bot.execution:_execute_live:139 - Live execution: no orders placed for ETH
2026-07-03 10:02:30.338 | INFO     | __main__:trade_loop:191 - 📡 Signal approved: MOMENTUM_LONG ETH: UP/YES @ 0.505 | momentum=$+1.24 | implied_prob=50.50% | conf=36% | Expected slippage: $0.0000
2026-07-03 10:02:30.549 | ERROR    | polymarket_bot.clob_client:place_limit_order:391 - CLOB: Order placement failed: PolyApiException[status_code=400, error_message={'error': 'the order signer address has to be the address of the API KEY'}]
2026-07-03 10:02:30.549 | ERROR    | polymarket_bot.execution:_execute_live:139 - Live execution: no orders placed for ETH
2026-07-03 10:02:35.555 | INFO     | __main__:trade_loop:191 - 📡 Signal approved: MOMENTUM_LONG ETH: UP/YES @ 0.505 | momentum=$+1.49 | implied_prob=50.50% | conf=37% | Expected slippage: $0.0000
2026-07-03 10:02:35.826 | ERROR    | polymarket_bot.clob_client:place_limit_order:391 - CLOB: Order placement failed: PolyApiException[status_code=400, error_message={'error': 'the order signer address has to be the address of the API KEY'}]
2026-07-03 10:02:35.826 | ERROR    | polymarket_bot.execution:_execute_live:139 - Live execution: no orders placed for ETH
2026-07-03 10:02:41.107 | INFO     | __main__:trade_loop:191 - 📡 Signal approved: MOMENTUM_LONG ETH: UP/YES @ 0.505 | momentum=$+1.71 | implied_prob=50.50% | conf=39% | Expected slippage: $0.0000
2026-07-03 10:02:41.356 | ERROR    | polymarket_bot.clob_client:place_limit_order:391 - CLOB: Order placement failed: PolyApiException[status_code=400, error_message={'error': 'the order signer address has to be the address of the API KEY'}]
2026-07-03 10:02:41.356 | ERROR    | polymarket_bot.execution:_execute_live:139 - Live execution: no orders placed for ETH
2026-07-03 10:02:46.361 | INFO     | __main__:trade_loop:191 - 📡 Signal approved: MOMENTUM_LONG ETH: UP/YES @ 0.505 | momentum=$+1.36 | implied_prob=50.50% | conf=41% | Expected slippage: $0.0000
2026-07-03 10:02:46.578 | ERROR    | polymarket_bot.clob_client:place_limit_order:391 - CLOB: Order placement failed: PolyApiException[status_code=400, error_message={'error': 'the order signer address has to be the address of the API KEY'}]
2026-07-03 10:02:46.578 | ERROR    | polymarket_bot.execution:_execute_live:139 - Live execution: no orders placed for ETH
2026-07-03 10:02:51.863 | INFO     | __main__:trade_loop:191 - 📡 Signal approved: MOMENTUM_LONG ETH: UP/YES @ 0.505 | momentum=$+1.17 | implied_prob=50.50% | conf=41% | Expected slippage: $0.0000
2026-07-03 10:02:52.099 | ERROR    | polymarket_bot.clob_client:place_limit_order:391 - CLOB: Order placement failed: PolyApiException[status_code=400, error_message={'error': 'the order signer address has to be the address of the API KEY'}]
2026-07-03 10:02:52.099 | ERROR    | polymarket_bot.execution:_execute_live:139 - Live execution: no orders placed for ETH
2026-07-03 10:02:52.103 | INFO     | __main__:trade_loop:243 - Heartbeat | Cash=$120.98 PnL=$+0.00 (W/L: 0/0) | Elapsed: 172s | BTC: Spot=$61,604.05 (Mom=$+4.90) | YES=$0.525 ($0.52/0.53) NO=$0.475 ($0.47/0.48) | ETH: Spot=$1,721.11 (Mom=$-0.22) | YES=$0.505 ($0.50/0.51) NO=$0.495 ($0.49/0.50)
2026-07-03 10:02:57.109 | INFO     | __main__:trade_loop:191 - 📡 Signal approved: MOMENTUM_LONG ETH: UP/YES @ 0.505 | momentum=$+1.36 | implied_prob=50.50% | conf=44% | Expected slippage: $0.0000
2026-07-03 10:02:57.335 | ERROR    | polymarket_bot.clob_client:place_limit_order:391 - CLOB: Order placement failed: PolyApiException[status_code=400, error_message={'error': 'the order signer address has to be the address of the API KEY'}]
2026-07-03 10:02:57.335 | ERROR    | polymarket_bot.execution:_execute_live:139 - Live execution: no orders placed for ETH
2026-07-03 10:03:23.239 | INFO     | __main__:trade_loop:243 - Heartbeat | Cash=$120.98 PnL=$+0.00 (W/L: 0/0) | Elapsed: 203s | BTC: Spot=$61,600.75 (Mom=$-3.30) | YES=$0.525 ($0.52/0.53) NO=$0.475 ($0.47/0.48) | ETH: Spot=$1,721.14 (Mom=$-0.08) | YES=$0.505 ($0.50/0.51) NO=$0.495 ($0.49/0.50)
2026-07-03 10:03:54.122 | INFO     | __main__:trade_loop:243 - Heartbeat | Cash=$120.98 PnL=$+0.00 (W/L: 0/0) | Elapsed: 234s | BTC: Spot=$61,589.45 (Mom=$-11.30) | YES=$0.525 ($0.52/0.53) NO=$0.475 ($0.47/0.48) | ETH: Spot=$1,721.43 (Mom=$+0.30) | YES=$0.505 ($0.50/0.51) NO=$0.495 ($0.49/0.50)
2026-07-03 10:04:25.073 | INFO     | __main__:trade_loop:243 - Heartbeat | Cash=$120.98 PnL=$+0.00 (W/L: 0/0) | Elapsed: 265s | BTC: Spot=$61,602.45 (Mom=$+13.00) | YES=$0.525 ($0.52/0.53) NO=$0.475 ($0.47/0.48) | ETH: Spot=$1,722.57 (Mom=$+1.13) | YES=$0.505 ($0.50/0.51) NO=$0.495 ($0.49/0.50)
2026-07-03 10:04:55.970 | INFO     | __main__:trade_loop:243 - Heartbeat | Cash=$120.98 PnL=$+0.00 (W/L: 0/0) | Elapsed: 296s | BTC: Spot=$61,585.55 (Mom=$-16.90) | YES=$0.505 ($0.50/0.51) NO=$0.495 ($0.49/0.50) | ETH: Spot=$1,723.16 (Mom=$+0.60) | YES=$0.495 ($0.49/0.50) NO=$0.505 ($0.50/0.51)
2026-07-03 10:05:01.488 | INFO     | polymarket_bot.market:_fetch_market_by_slug:134 -   📍 BTC market found via slug | UP=8834854464... DOWN=7955651871... | liquidity=$17780
2026-07-03 10:05:01.561 | INFO     | polymarket_bot.market:_fetch_market_by_slug:134 -   📍 ETH market found via slug | UP=7823394853... DOWN=7787019399... | liquidity=$5737
2026-07-03 10:05:01.566 | INFO     | polymarket_bot.clob_client:subscribe:195 - ClobBookCache: Token subscription list changed. Reconnecting to WS...
2026-07-03 10:05:02.021 | INFO     | polymarket_bot.clob_client:_stream_loop:232 - ClobBookCache: Polymarket WS connected
2026-07-03 10:05:02.022 | INFO     | polymarket_bot.clob_client:_stream_loop:240 - ClobBookCache: Subscribed to 4 tokens on connect
2026-07-03 10:05:27.644 | INFO     | __main__:trade_loop:243 - Heartbeat | Cash=$120.98 PnL=$+0.00 (W/L: 0/0) | Elapsed: 28s | BTC: Spot=$61,633.65 (Mom=$+48.10) | YES=$0.505 ($0.50/0.51) NO=$0.495 ($0.49/0.50) | ETH: Spot=$1,726.61 (Mom=$+3.45) | YES=$0.505 ($0.50/0.51) NO=$0.495 ($0.49/0.50)
2026-07-03 10:05:48.281 | INFO     | __main__:trade_loop:191 - 📡 Signal approved: MOMENTUM_LONG ETH: UP/YES @ 0.505 | momentum=$+3.64 | implied_prob=50.50% | conf=19% | Expected slippage: $0.0000
2026-07-03 10:05:49.027 | ERROR    | polymarket_bot.clob_client:place_limit_order:391 - CLOB: Order placement failed: PolyApiException[status_code=400, error_message={'error': 'the order signer address has to be the address of the API KEY'}]
2026-07-03 10:05:49.027 | ERROR    | polymarket_bot.execution:_execute_live:139 - Live execution: no orders placed for ETH
2026-07-03 10:05:54.305 | INFO     | __main__:trade_loop:191 - 📡 Signal approved: MOMENTUM_LONG ETH: UP/YES @ 0.505 | momentum=$+3.92 | implied_prob=50.50% | conf=19% | Expected slippage: $0.0000
2026-07-03 10:05:54.523 | ERROR    | polymarket_bot.clob_client:place_limit_order:391 - CLOB: Order placement failed: PolyApiException[status_code=400, error_message={'error': 'the order signer address has to be the address of the API KEY'}]
2026-07-03 10:05:54.524 | ERROR    | polymarket_bot.execution:_execute_live:139 - Live execution: no orders placed for ETH
2026-07-03 10:05:59.534 | INFO     | __main__:trade_loop:191 - 📡 Signal approved: MOMENTUM_LONG ETH: UP/YES @ 0.505 | momentum=$+4.25 | implied_prob=50.50% | conf=19% | Expected slippage: $0.0000
2026-07-03 10:05:59.762 | ERROR    | polymarket_bot.clob_client:place_limit_order:391 - CLOB: Order placement failed: PolyApiException[status_code=400, error_message={'error': 'the order signer address has to be the address of the API KEY'}]
2026-07-03 10:05:59.762 | ERROR    | polymarket_bot.execution:_execute_live:139 - Live execution: no orders placed for ETH
2026-07-03 10:05:59.769 | INFO     | __main__:trade_loop:243 - Heartbeat | Cash=$120.98 PnL=$+0.00 (W/L: 0/0) | Elapsed: 60s | BTC: Spot=$61,616.25 (Mom=$-19.80) | YES=$0.505 ($0.50/0.51) NO=$0.495 ($0.49/0.50) | ETH: Spot=$1,727.62 (Mom=$+1.16) | YES=$0.505 ($0.50/0.51) NO=$0.495 ($0.49/0.50)
2026-07-03 10:06:05.041 | INFO     | __main__:trade_loop:191 - 📡 Signal approved: MOMENTUM_LONG ETH: UP/YES @ 0.505 | momentum=$+3.72 | implied_prob=50.50% | conf=19% | Expected slippage: $0.0000
2026-07-03 10:06:05.266 | ERROR    | polymarket_bot.clob_client:place_limit_order:391 - CLOB: Order placement failed: PolyApiException[status_code=400, error_message={'error': 'the order signer address has to be the address of the API KEY'}]
2026-07-03 10:06:05.267 | ERROR    | polymarket_bot.execution:_execute_live:139 - Live execution: no orders placed for ETH
2026-07-03 10:06:10.275 | INFO     | __main__:trade_loop:191 - 📡 Signal approved: MOMENTUM_LONG ETH: UP/YES @ 0.505 | momentum=$+3.38 | implied_prob=50.50% | conf=19% | Expected slippage: $0.0000
2026-07-03 10:06:10.511 | ERROR    | polymarket_bot.clob_client:place_limit_order:391 - CLOB: Order placement failed: PolyApiException[status_code=400, error_message={'error': 'the order signer address has to be the address of the API KEY'}]
2026-07-03 10:06:10.511 | ERROR    | polymarket_bot.execution:_execute_live:139 - Live execution: no orders placed for ETH
2026-07-03 10:06:15.789 | INFO     | __main__:trade_loop:191 - 📡 Signal approved: MOMENTUM_LONG ETH: UP/YES @ 0.505 | momentum=$+2.62 | implied_prob=50.50% | conf=19% | Expected slippage: $0.0000
2026-07-03 10:06:16.019 | ERROR    | polymarket_bot.clob_client:place_limit_order:391 - CLOB: Order placement failed: PolyApiException[status_code=400, error_message={'error': 'the order signer address has to be the address of the API KEY'}]
2026-07-03 10:06:16.019 | ERROR    | polymarket_bot.execution:_execute_live:139 - Live execution: no orders placed for ETH
2026-07-03 10:06:21.029 | INFO     | __main__:trade_loop:191 - 📡 Signal approved: MOMENTUM_LONG ETH: UP/YES @ 0.505 | momentum=$+3.27 | implied_prob=50.50% | conf=19% | Expected slippage: $0.0000
2026-07-03 10:06:21.257 | ERROR    | polymarket_bot.clob_client:place_limit_order:391 - CLOB: Order placement failed: PolyApiException[status_code=400, error_message={'error': 'the order signer address has to be the address of the API KEY'}]
2026-07-03 10:06:21.257 | ERROR    | polymarket_bot.execution:_execute_live:139 - Live execution: no orders placed for ETH
2026-07-03 10:06:26.537 | INFO     | __main__:trade_loop:191 - 📡 Signal approved: MOMENTUM_LONG BTC: UP/YES @ 0.505 | momentum=$+30.90 | implied_prob=50.50% | conf=9% | Expected slippage: $0.0000
2026-07-03 10:06:27.213 | ERROR    | polymarket_bot.clob_client:place_limit_order:391 - CLOB: Order placement failed: PolyApiException[status_code=400, error_message={'error': 'the order signer address has to be the address of the API KEY'}]
2026-07-03 10:06:27.213 | ERROR    | polymarket_bot.execution:_execute_live:139 - Live execution: no orders placed for BTC
2026-07-03 10:06:27.217 | INFO     | __main__:trade_loop:191 - 📡 Signal approved: MOMENTUM_LONG ETH: UP/YES @ 0.505 | momentum=$+5.09 | implied_prob=50.50% | conf=19% | Expected slippage: $0.0000
2026-07-03 10:06:27.368 | ERROR    | polymarket_bot.clob_client:place_limit_order:391 - CLOB: Order placement failed: PolyApiException[status_code=400, error_message={'error': 'the order signer address has to be the address of the API KEY'}]
2026-07-03 10:06:27.368 | ERROR    | polymarket_bot.execution:_execute_live:139 - Live execution: no orders placed for ETH
2026-07-03 10:06:32.375 | INFO     | __main__:trade_loop:191 - 📡 Signal approved: MOMENTUM_LONG BTC: UP/YES @ 0.505 | momentum=$+34.20 | implied_prob=50.50% | conf=10% | Expected slippage: $0.0000
2026-07-03 10:06:32.630 | ERROR    | polymarket_bot.clob_client:place_limit_order:391 - CLOB: Order placement failed: PolyApiException[status_code=400, error_message={'error': 'the order signer address has to be the address of the API KEY'}]
2026-07-03 10:06:32.630 | ERROR    | polymarket_bot.execution:_execute_live:139 - Live execution: no orders placed for BTC
2026-07-03 10:06:32.632 | INFO     | __main__:trade_loop:191 - 📡 Signal approved: MOMENTUM_LONG ETH: UP/YES @ 0.505 | momentum=$+4.95 | implied_prob=50.50% | conf=19% | Expected slippage: $0.0000
2026-07-03 10:06:32.799 | ERROR    | polymarket_bot.clob_client:place_limit_order:391 - CLOB: Order placement failed: PolyApiException[status_code=400, error_message={'error': 'the order signer address has to be the address of the API KEY'}]
2026-07-03 10:06:32.799 | ERROR    | polymarket_bot.execution:_execute_live:139 - Live execution: no orders placed for ETH
2026-07-03 10:06:32.807 | INFO     | __main__:trade_loop:243 - Heartbeat | Cash=$120.98 PnL=$+0.00 (W/L: 0/0) | Elapsed: 92s | BTC: Spot=$61,624.95 (Mom=$+8.70) | YES=$0.505 ($0.50/0.51) NO=$0.495 ($0.49/0.50) | ETH: Spot=$1,728.47 (Mom=$+0.71) | YES=$0.505 ($0.50/0.51) NO=$0.495 ($0.49/0.50)
2026-07-03 10:06:38.102 | INFO     | __main__:trade_loop:191 - 📡 Signal approved: MOMENTUM_LONG BTC: UP/YES @ 0.505 | momentum=$+39.60 | implied_prob=50.50% | conf=18% | Expected slippage: $0.0000
2026-07-03 10:06:38.391 | ERROR    | polymarket_bot.clob_client:place_limit_order:391 - CLOB: Order placement failed: PolyApiException[status_code=400, error_message={'error': 'the order signer address has to be the address of the API KEY'}]
2026-07-03 10:06:38.391 | ERROR    | polymarket_bot.execution:_execute_live:139 - Live execution: no orders placed for BTC
2026-07-03 10:06:38.394 | INFO     | __main__:trade_loop:191 - 📡 Signal approved: MOMENTUM_LONG ETH: UP/YES @ 0.505 | momentum=$+4.83 | implied_prob=50.50% | conf=20% | Expected slippage: $0.0000
2026-07-03 10:06:38.577 | ERROR    | polymarket_bot.clob_client:place_limit_order:391 - CLOB: Order placement failed: PolyApiException[status_code=400, error_message={'error': 'the order signer address has to be the address of the API KEY'}]
2026-07-03 10:06:38.577 | ERROR    | polymarket_bot.execution:_execute_live:139 - Live execution: no orders placed for ETH
2026-07-03 10:06:43.585 | INFO     | __main__:trade_loop:191 - 📡 Signal approved: MOMENTUM_LONG BTC: UP/YES @ 0.505 | momentum=$+36.30 | implied_prob=50.50% | conf=18% | Expected slippage: $0.0000
2026-07-03 10:06:43.815 | ERROR    | polymarket_bot.clob_client:place_limit_order:391 - CLOB: Order placement failed: PolyApiException[status_code=400, error_message={'error': 'the order signer address has to be the address of the API KEY'}]
2026-07-03 10:06:43.815 | ERROR    | polymarket_bot.execution:_execute_live:139 - Live execution: no orders placed for BTC
2026-07-03 10:06:43.818 | INFO     | __main__:trade_loop:191 - 📡 Signal approved: MOMENTUM_LONG ETH: UP/YES @ 0.505 | momentum=$+4.24 | implied_prob=50.50% | conf=22% | Expected slippage: $0.0000
2026-07-03 10:06:43.978 | ERROR    | polymarket_bot.clob_client:place_limit_order:391 - CLOB: Order placement failed: PolyApiException[status_code=400, error_message={'error': 'the order signer address has to be the address of the API KEY'}]
2026-07-03 10:06:43.979 | ERROR    | polymarket_bot.execution:_execute_live:139 - Live execution: no orders placed for ETH
2026-07-03 10:06:49.249 | INFO     | __main__:trade_loop:191 - 📡 Signal approved: MOMENTUM_LONG BTC: UP/YES @ 0.505 | momentum=$+46.50 | implied_prob=50.50% | conf=24% | Expected slippage: $0.0000
2026-07-03 10:06:49.497 | ERROR    | polymarket_bot.clob_client:place_limit_order:391 - CLOB: Order placement failed: PolyApiException[status_code=400, error_message={'error': 'the order signer address has to be the address of the API KEY'}]
2026-07-03 10:06:49.497 | ERROR    | polymarket_bot.execution:_execute_live:139 - Live execution: no orders placed for BTC
2026-07-03 10:06:49.500 | INFO     | __main__:trade_loop:191 - 📡 Signal approved: MOMENTUM_LONG ETH: UP/YES @ 0.505 | momentum=$+4.25 | implied_prob=50.50% | conf=16% | Expected slippage: $0.0000
2026-07-03 10:06:49.673 | ERROR    | polymarket_bot.clob_client:place_limit_order:391 - CLOB: Order placement failed: PolyApiException[status_code=400, error_message={'error': 'the order signer address has to be the address of the API KEY'}]
2026-07-03 10:06:49.673 | ERROR    | polymarket_bot.execution:_execute_live:139 - Live execution: no orders placed for ETH
2026-07-03 10:06:54.683 | INFO     | __main__:trade_loop:191 - 📡 Signal approved: MOMENTUM_LONG BTC: UP/YES @ 0.505 | momentum=$+51.30 | implied_prob=50.50% | conf=25% | Expected slippage: $0.0000
2026-07-03 10:06:54.951 | ERROR    | polymarket_bot.clob_client:place_limit_order:391 - CLOB: Order placement failed: PolyApiException[status_code=400, error_message={'error': 'the order signer address has to be the address of the API KEY'}]
2026-07-03 10:06:54.951 | ERROR    | polymarket_bot.execution:_execute_live:139 - Live execution: no orders placed for BTC
2026-07-03 10:06:54.956 | INFO     | __main__:trade_loop:191 - 📡 Signal approved: MOMENTUM_LONG ETH: UP/YES @ 0.505 | momentum=$+4.46 | implied_prob=50.50% | conf=17% | Expected slippage: $0.0000
2026-07-03 10:06:55.113 | ERROR    | polymarket_bot.clob_client:place_limit_order:391 - CLOB: Order placement failed: PolyApiException[status_code=400, error_message={'error': 'the order signer address has to be the address of the API KEY'}]
2026-07-03 10:06:55.113 | ERROR    | polymarket_bot.execution:_execute_live:139 - Live execution: no orders placed for ETH
2026-07-03 10:07:00.392 | INFO     | __main__:trade_loop:191 - 📡 Signal approved: MOMENTUM_LONG BTC: UP/YES @ 0.505 | momentum=$+49.70 | implied_prob=50.50% | conf=27% | Expected slippage: $0.0000
2026-07-03 10:07:00.620 | ERROR    | polymarket_bot.clob_client:place_limit_order:391 - CLOB: Order placement failed: PolyApiException[status_code=400, error_message={'error': 'the order signer address has to be the address of the API KEY'}]
2026-07-03 10:07:00.620 | ERROR    | polymarket_bot.execution:_execute_live:139 - Live execution: no orders placed for BTC
2026-07-03 10:07:00.623 | INFO     | __main__:trade_loop:191 - 📡 Signal approved: MOMENTUM_LONG ETH: UP/YES @ 0.505 | momentum=$+4.22 | implied_prob=50.50% | conf=18% | Expected slippage: $0.0000
2026-07-03 10:07:00.783 | ERROR    | polymarket_bot.clob_client:place_limit_order:391 - CLOB: Order placement failed: PolyApiException[status_code=400, error_message={'error': 'the order signer address has to be the address of the API KEY'}]
2026-07-03 10:07:00.783 | ERROR    | polymarket_bot.execution:_execute_live:139 - Live execution: no orders placed for ETH
2026-07-03 10:07:05.793 | INFO     | __main__:trade_loop:191 - 📡 Signal approved: MOMENTUM_LONG BTC: UP/YES @ 0.505 | momentum=$+46.50 | implied_prob=50.50% | conf=28% | Expected slippage: $0.0000
2026-07-03 10:07:06.018 | ERROR    | polymarket_bot.clob_client:place_limit_order:391 - CLOB: Order placement failed: PolyApiException[status_code=400, error_message={'error': 'the order signer address has to be the address of the API KEY'}]
2026-07-03 10:07:06.018 | ERROR    | polymarket_bot.execution:_execute_live:139 - Live execution: no orders placed for BTC
2026-07-03 10:07:06.020 | INFO     | __main__:trade_loop:191 - 📡 Signal approved: MOMENTUM_LONG ETH: UP/YES @ 0.505 | momentum=$+4.07 | implied_prob=50.50% | conf=19% | Expected slippage: $0.0000
2026-07-03 10:07:06.179 | ERROR    | polymarket_bot.clob_client:place_limit_order:391 - CLOB: Order placement failed: PolyApiException[status_code=400, error_message={'error': 'the order signer address has to be the address of the API KEY'}]
2026-07-03 10:07:06.179 | ERROR    | polymarket_bot.execution:_execute_live:139 - Live execution: no orders placed for ETH
2026-07-03 10:07:06.185 | INFO     | __main__:trade_loop:243 - Heartbeat | Cash=$120.98 PnL=$+0.00 (W/L: 0/0) | Elapsed: 126s | BTC: Spot=$61,637.25 (Mom=$+6.90) | YES=$0.505 ($0.50/0.51) NO=$0.495 ($0.49/0.50) | ETH: Spot=$1,727.59 (Mom=$-0.78) | YES=$0.505 ($0.50/0.51) NO=$0.495 ($0.49/0.50)
2026-07-03 10:07:11.480 | INFO     | __main__:trade_loop:191 - 📡 Signal approved: MOMENTUM_LONG BTC: UP/YES @ 0.505 | momentum=$+47.80 | implied_prob=50.50% | conf=30% | Expected slippage: $0.0000
2026-07-03 10:07:11.721 | ERROR    | polymarket_bot.clob_client:place_limit_order:391 - CLOB: Order placement failed: PolyApiException[status_code=400, error_message={'error': 'the order signer address has to be the address of the API KEY'}]
2026-07-03 10:07:11.721 | ERROR    | polymarket_bot.execution:_execute_live:139 - Live execution: no orders placed for BTC
2026-07-03 10:07:11.723 | INFO     | __main__:trade_loop:191 - 📡 Signal approved: MOMENTUM_LONG ETH: UP/YES @ 0.505 | momentum=$+4.41 | implied_prob=50.50% | conf=20% | Expected slippage: $0.0000
2026-07-03 10:07:11.888 | ERROR    | polymarket_bot.clob_client:place_limit_order:391 - CLOB: Order placement failed: PolyApiException[status_code=400, error_message={'error': 'the order signer address has to be the address of the API KEY'}]
2026-07-03 10:07:11.888 | ERROR    | polymarket_bot.execution:_execute_live:139 - Live execution: no orders placed for ETH
2026-07-03 10:07:16.901 | INFO     | __main__:trade_loop:191 - 📡 Signal approved: MOMENTUM_LONG BTC: UP/YES @ 0.505 | momentum=$+46.40 | implied_prob=50.50% | conf=22% | Expected slippage: $0.0000
2026-07-03 10:07:17.116 | ERROR    | polymarket_bot.clob_client:place_limit_order:391 - CLOB: Order placement failed: PolyApiException[status_code=400, error_message={'error': 'the order signer address has to be the address of the API KEY'}]
2026-07-03 10:07:17.116 | ERROR    | polymarket_bot.execution:_execute_live:139 - Live execution: no orders placed for BTC
2026-07-03 10:07:22.402 | INFO     | __main__:trade_loop:191 - 📡 Signal approved: MOMENTUM_LONG BTC: UP/YES @ 0.505 | momentum=$+34.20 | implied_prob=50.50% | conf=17% | Expected slippage: $0.0000
2026-07-03 10:07:22.622 | ERROR    | polymarket_bot.clob_client:place_limit_order:391 - CLOB: Order placement failed: PolyApiException[status_code=400, error_message={'error': 'the order signer address has to be the address of the API KEY'}]
2026-07-03 10:07:22.622 | ERROR    | polymarket_bot.execution:_execute_live:139 - Live execution: no orders placed for BTC
2026-07-03 10:07:27.633 | INFO     | __main__:trade_loop:191 - 📡 Signal approved: MOMENTUM_LONG BTC: UP/YES @ 0.505 | momentum=$+46.80 | implied_prob=50.50% | conf=24% | Expected slippage: $0.0000
2026-07-03 10:07:27.860 | ERROR    | polymarket_bot.clob_client:place_limit_order:391 - CLOB: Order placement failed: PolyApiException[status_code=400, error_message={'error': 'the order signer address has to be the address of the API KEY'}]
2026-07-03 10:07:27.860 | ERROR    | polymarket_bot.execution:_execute_live:139 - Live execution: no orders placed for BTC
2026-07-03 10:07:33.133 | INFO     | __main__:trade_loop:191 - 📡 Signal approved: MOMENTUM_LONG BTC: UP/YES @ 0.505 | momentum=$+55.60 | implied_prob=50.50% | conf=25% | Expected slippage: $0.0000
2026-07-03 10:07:33.339 | ERROR    | polymarket_bot.clob_client:place_limit_order:391 - CLOB: Order placement failed: PolyApiException[status_code=400, error_message={'error': 'the order signer address has to be the address of the API KEY'}]
2026-07-03 10:07:33.339 | ERROR    | polymarket_bot.execution:_execute_live:139 - Live execution: no orders placed for BTC
2026-07-03 10:07:38.352 | INFO     | __main__:trade_loop:191 - 📡 Signal approved: MOMENTUM_LONG BTC: UP/YES @ 0.505 | momentum=$+39.30 | implied_prob=50.50% | conf=33% | Expected slippage: $0.0000
2026-07-03 10:07:38.609 | ERROR    | polymarket_bot.clob_client:place_limit_order:391 - CLOB: Order placement failed: PolyApiException[status_code=400, error_message={'error': 'the order signer address has to be the address of the API KEY'}]
2026-07-03 10:07:38.610 | ERROR    | polymarket_bot.execution:_execute_live:139 - Live execution: no orders placed for BTC
2026-07-03 10:07:38.620 | INFO     | __main__:trade_loop:243 - Heartbeat | Cash=$120.98 PnL=$+0.00 (W/L: 0/0) | Elapsed: 158s | BTC: Spot=$61,630.05 (Mom=$-7.20) | YES=$0.505 ($0.50/0.51) NO=$0.495 ($0.49/0.50) | ETH: Spot=$1,728.26 (Mom=$+0.53) | YES=$0.495 ($0.49/0.50) NO=$0.505 ($0.50/0.51)
2026-07-03 10:07:43.913 | INFO     | __main__:trade_loop:191 - 📡 Signal approved: MOMENTUM_LONG BTC: UP/YES @ 0.505 | momentum=$+60.80 | implied_prob=50.50% | conf=40% | Expected slippage: $0.0000
2026-07-03 10:07:44.182 | ERROR    | polymarket_bot.clob_client:place_limit_order:391 - CLOB: Order placement failed: PolyApiException[status_code=400, error_message={'error': 'the order signer address has to be the address of the API KEY'}]
2026-07-03 10:07:44.183 | ERROR    | polymarket_bot.execution:_execute_live:139 - Live execution: no orders placed for BTC
2026-07-03 10:07:49.190 | INFO     | __main__:trade_loop:191 - 📡 Signal approved: MOMENTUM_LONG BTC: UP/YES @ 0.505 | momentum=$+45.80 | implied_prob=50.50% | conf=41% | Expected slippage: $0.0000
2026-07-03 10:07:49.416 | ERROR    | polymarket_bot.clob_client:place_limit_order:391 - CLOB: Order placement failed: PolyApiException[status_code=400, error_message={'error': 'the order signer address has to be the address of the API KEY'}]
2026-07-03 10:07:49.416 | ERROR    | polymarket_bot.execution:_execute_live:139 - Live execution: no orders placed for BTC
2026-07-03 10:07:54.850 | INFO     | __main__:trade_loop:191 - 📡 Signal approved: MOMENTUM_LONG BTC: UP/YES @ 0.505 | momentum=$+35.20 | implied_prob=50.50% | conf=23% | Expected slippage: $0.0000
2026-07-03 10:07:55.470 | ERROR    | polymarket_bot.clob_client:place_limit_order:391 - CLOB: Order placement failed: PolyApiException[status_code=400, error_message={'error': 'the order signer address has to be the address of the API KEY'}]
2026-07-03 10:07:55.471 | ERROR    | polymarket_bot.execution:_execute_live:139 - Live execution: no orders placed for BTC
2026-07-03 10:08:10.800 | INFO     | __main__:trade_loop:243 - Heartbeat | Cash=$120.98 PnL=$+0.00 (W/L: 0/0) | Elapsed: 191s | BTC: Spot=$61,641.35 (Mom=$-3.70) | YES=$0.505 ($0.50/0.51) NO=$0.495 ($0.49/0.50) | ETH: Spot=$1,729.07 (Mom=$-0.73) | YES=$0.490 ($0.48/0.50) NO=$0.510 ($0.50/0.52)
2026-07-03 10:08:41.911 | INFO     | __main__:trade_loop:243 - Heartbeat | Cash=$120.98 PnL=$+0.00 (W/L: 0/0) | Elapsed: 222s | BTC: Spot=$61,622.45 (Mom=$-15.20) | YES=$0.505 ($0.50/0.51) NO=$0.495 ($0.49/0.50) | ETH: Spot=$1,727.99 (Mom=$-0.49) | YES=$0.480 ($0.47/0.49) NO=$0.520 ($0.51/0.53)
2026-07-03 10:09:12.837 | INFO     | __main__:trade_loop:243 - Heartbeat | Cash=$120.98 PnL=$+0.00 (W/L: 0/0) | Elapsed: 253s | BTC: Spot=$61,652.55 (Mom=$+29.90) | YES=$0.505 ($0.50/0.51) NO=$0.495 ($0.49/0.50) | ETH: Spot=$1,728.80 (Mom=$+0.81) | YES=$0.475 ($0.46/0.49) NO=$0.525 ($0.51/0.54)
2026-07-03 10:09:43.709 | INFO     | __main__:trade_loop:243 - Heartbeat | Cash=$120.98 PnL=$+0.00 (W/L: 0/0) | Elapsed: 284s | BTC: Spot=$61,633.45 (Mom=$-19.10) | YES=$0.505 ($0.50/0.51) NO=$0.495 ($0.49/0.50) | ETH: Spot=$1,727.68 (Mom=$-1.12) | YES=$0.475 ($0.47/0.48) NO=$0.525 ($0.52/0.53)
2026-07-03 10:10:04.653 | INFO     | polymarket_bot.market:_fetch_market_by_slug:134 -   📍 BTC market found via slug | UP=1001833619... DOWN=9414664896... | liquidity=$16993
2026-07-03 10:10:04.721 | INFO     | polymarket_bot.market:_fetch_market_by_slug:134 -   📍 ETH market found via slug | UP=9884625709... DOWN=5953437829... | liquidity=$5733
2026-07-03 10:10:04.723 | INFO     | polymarket_bot.clob_client:subscribe:195 - ClobBookCache: Token subscription list changed. Reconnecting to WS...
2026-07-03 10:10:05.209 | INFO     | polymarket_bot.clob_client:_stream_loop:232 - ClobBookCache: Polymarket WS connected
2026-07-03 10:10:05.210 | INFO     | polymarket_bot.clob_client:_stream_loop:240 - ClobBookCache: Subscribed to 4 tokens on connect
2026-07-03 10:10:15.524 | INFO     | __main__:trade_loop:243 - Heartbeat | Cash=$120.98 PnL=$+0.00 (W/L: 0/0) | Elapsed: 15s | BTC: Spot=$61,613.85 (Mom=$-15.80) | YES=$0.505 ($0.50/0.51) NO=$0.495 ($0.49/0.50) | ETH: Spot=$1,727.14 (Mom=$-0.62) | YES=$0.505 ($0.50/0.51) NO=$0.495 ($0.49/0.50)
2026-07-03 10:10:46.439 | INFO     | __main__:trade_loop:243 - Heartbeat | Cash=$120.98 PnL=$+0.00 (W/L: 0/0) | Elapsed: 46s | BTC: Spot=$61,612.55 (Mom=$-1.30) | YES=$0.505 ($0.50/0.51) NO=$0.495 ($0.49/0.50) | ETH: Spot=$1,726.88 (Mom=$-0.26) | YES=$0.505 ($0.50/0.51) NO=$0.495 ($0.49/0.50)
2026-07-03 10:11:17.336 | INFO     | __main__:trade_loop:243 - Heartbeat | Cash=$120.98 PnL=$+0.00 (W/L: 0/0) | Elapsed: 77s | BTC: Spot=$61,619.05 (Mom=$+0.30) | YES=$0.505 ($0.50/0.51) NO=$0.495 ($0.49/0.50) | ETH: Spot=$1,726.78 (Mom=$-0.04) | YES=$0.505 ($0.50/0.51) NO=$0.495 ($0.49/0.50)
2026-07-03 10:11:48.292 | INFO     | __main__:trade_loop:191 - 📡 Signal approved: MOMENTUM_LONG BTC: UP/YES @ 0.505 | momentum=$+41.20 | implied_prob=50.50% | conf=21% | Expected slippage: $0.0000
2026-07-03 10:11:49.393 | ERROR    | polymarket_bot.clob_client:place_limit_order:391 - CLOB: Order placement failed: PolyApiException[status_code=400, error_message={'error': 'the order signer address has to be the address of the API KEY'}]
2026-07-03 10:11:49.394 | ERROR    | polymarket_bot.execution:_execute_live:139 - Live execution: no orders placed for BTC
2026-07-03 10:11:49.409 | INFO     | __main__:trade_loop:243 - Heartbeat | Cash=$120.98 PnL=$+0.00 (W/L: 0/0) | Elapsed: 108s | BTC: Spot=$61,650.65 (Mom=$+24.80) | YES=$0.505 ($0.50/0.51) NO=$0.495 ($0.49/0.50) | ETH: Spot=$1,727.86 (Mom=$+0.47) | YES=$0.505 ($0.50/0.51) NO=$0.495 ($0.49/0.50)
2026-07-03 10:11:54.422 | INFO     | __main__:trade_loop:191 - 📡 Signal approved: MOMENTUM_LONG BTC: UP/YES @ 0.505 | momentum=$+31.80 | implied_prob=50.50% | conf=18% | Expected slippage: $0.0000
2026-07-03 10:11:54.664 | ERROR    | polymarket_bot.clob_client:place_limit_order:391 - CLOB: Order placement failed: PolyApiException[status_code=400, error_message={'error': 'the order signer address has to be the address of the API KEY'}]
2026-07-03 10:11:54.664 | ERROR    | polymarket_bot.execution:_execute_live:139 - Live execution: no orders placed for BTC
2026-07-03 10:12:00.060 | INFO     | __main__:trade_loop:191 - 📡 Signal approved: MOMENTUM_LONG BTC: UP/YES @ 0.505 | momentum=$+31.80 | implied_prob=50.50% | conf=19% | Expected slippage: $0.0000
2026-07-03 10:12:00.430 | ERROR    | polymarket_bot.clob_client:place_limit_order:391 - CLOB: Order placement failed: PolyApiException[status_code=400, error_message={'error': 'the order signer address has to be the address of the API KEY'}]
2026-07-03 10:12:00.430 | ERROR    | polymarket_bot.execution:_execute_live:139 - Live execution: no orders placed for BTC
2026-07-03 10:12:05.444 | INFO     | __main__:trade_loop:191 - 📡 Signal approved: MOMENTUM_LONG BTC: UP/YES @ 0.505 | momentum=$+36.80 | implied_prob=50.50% | conf=23% | Expected slippage: $0.0000
2026-07-03 10:12:05.705 | ERROR    | polymarket_bot.clob_client:place_limit_order:391 - CLOB: Order placement failed: PolyApiException[status_code=400, error_message={'error': 'the order signer address has to be the address of the API KEY'}]
2026-07-03 10:12:05.705 | ERROR    | polymarket_bot.execution:_execute_live:139 - Live execution: no orders placed for BTC
2026-07-03 10:12:05.710 | INFO     | __main__:trade_loop:191 - 📡 Signal approved: MOMENTUM_LONG ETH: UP/YES @ 0.505 | momentum=$+0.84 | implied_prob=50.50% | conf=20% | Expected slippage: $0.0000
2026-07-03 10:12:06.229 | ERROR    | polymarket_bot.clob_client:place_limit_order:391 - CLOB: Order placement failed: PolyApiException[status_code=400, error_message={'error': 'the order signer address has to be the address of the API KEY'}]
2026-07-03 10:12:06.230 | ERROR    | polymarket_bot.execution:_execute_live:139 - Live execution: no orders placed for ETH
2026-07-03 10:12:11.595 | INFO     | __main__:trade_loop:191 - 📡 Signal approved: MOMENTUM_LONG BTC: UP/YES @ 0.505 | momentum=$+36.80 | implied_prob=50.50% | conf=25% | Expected slippage: $0.0000
2026-07-03 10:12:11.861 | ERROR    | polymarket_bot.clob_client:place_limit_order:391 - CLOB: Order placement failed: PolyApiException[status_code=400, error_message={'error': 'the order signer address has to be the address of the API KEY'}]
2026-07-03 10:12:11.862 | ERROR    | polymarket_bot.execution:_execute_live:139 - Live execution: no orders placed for BTC
2026-07-03 10:12:16.880 | INFO     | __main__:trade_loop:191 - 📡 Signal approved: MOMENTUM_LONG BTC: UP/YES @ 0.505 | momentum=$+36.80 | implied_prob=50.50% | conf=26% | Expected slippage: $0.0000
2026-07-03 10:12:17.169 | ERROR    | polymarket_bot.clob_client:place_limit_order:391 - CLOB: Order placement failed: PolyApiException[status_code=400, error_message={'error': 'the order signer address has to be the address of the API KEY'}]
2026-07-03 10:12:17.169 | ERROR    | polymarket_bot.execution:_execute_live:139 - Live execution: no orders placed for BTC
2026-07-03 10:12:17.172 | INFO     | __main__:trade_loop:191 - 📡 Signal approved: MOMENTUM_LONG ETH: UP/YES @ 0.505 | momentum=$+0.85 | implied_prob=50.50% | conf=23% | Expected slippage: $0.0000
2026-07-03 10:12:17.332 | ERROR    | polymarket_bot.clob_client:place_limit_order:391 - CLOB: Order placement failed: PolyApiException[status_code=400, error_message={'error': 'the order signer address has to be the address of the API KEY'}]
2026-07-03 10:12:17.333 | ERROR    | polymarket_bot.execution:_execute_live:139 - Live execution: no orders placed for ETH
2026-07-03 10:12:22.661 | INFO     | __main__:trade_loop:191 - 📡 Signal approved: MOMENTUM_LONG BTC: UP/YES @ 0.505 | momentum=$+34.40 | implied_prob=50.50% | conf=26% | Expected slippage: $0.0000
2026-07-03 10:12:22.916 | ERROR    | polymarket_bot.clob_client:place_limit_order:391 - CLOB: Order placement failed: PolyApiException[status_code=400, error_message={'error': 'the order signer address has to be the address of the API KEY'}]
2026-07-03 10:12:22.917 | ERROR    | polymarket_bot.execution:_execute_live:139 - Live execution: no orders placed for BTC
2026-07-03 10:12:22.935 | INFO     | __main__:trade_loop:243 - Heartbeat | Cash=$120.98 PnL=$+0.00 (W/L: 0/0) | Elapsed: 142s | BTC: Spot=$61,643.95 (Mom=$+0.60) | YES=$0.505 ($0.50/0.51) NO=$0.495 ($0.49/0.50) | ETH: Spot=$1,728.09 (Mom=$+0.21) | YES=$0.505 ($0.50/0.51) NO=$0.495 ($0.49/0.50)
2026-07-03 10:12:54.003 | INFO     | __main__:trade_loop:243 - Heartbeat | Cash=$120.98 PnL=$+0.00 (W/L: 0/0) | Elapsed: 174s | BTC: Spot=$61,638.65 (Mom=$-4.50) | YES=$0.505 ($0.50/0.51) NO=$0.495 ($0.49/0.50) | ETH: Spot=$1,727.43 (Mom=$-0.57) | YES=$0.505 ($0.50/0.51) NO=$0.495 ($0.49/0.50)
2026-07-03 10:13:24.952 | INFO     | __main__:trade_loop:243 - Heartbeat | Cash=$120.98 PnL=$+0.00 (W/L: 0/0) | Elapsed: 205s | BTC: Spot=$61,645.35 (Mom=$+6.70) | YES=$0.505 ($0.50/0.51) NO=$0.495 ($0.49/0.50) | ETH: Spot=$1,727.68 (Mom=$+0.25) | YES=$0.505 ($0.50/0.51) NO=$0.495 ($0.49/0.50)
2026-07-03 10:13:55.892 | INFO     | __main__:trade_loop:243 - Heartbeat | Cash=$120.98 PnL=$+0.00 (W/L: 0/0) | Elapsed: 236s | BTC: Spot=$61,662.35 (Mom=$+17.00) | YES=$0.505 ($0.50/0.51) NO=$0.495 ($0.49/0.50) | ETH: Spot=$1,728.07 (Mom=$+0.40) | YES=$0.505 ($0.50/0.51) NO=$0.495 ($0.49/0.50)
2026-07-03 10:14:26.846 | INFO     | __main__:trade_loop:243 - Heartbeat | Cash=$120.98 PnL=$+0.00 (W/L: 0/0) | Elapsed: 267s | BTC: Spot=$61,706.15 (Mom=$+43.80) | YES=$0.495 ($0.49/0.50) NO=$0.505 ($0.50/0.51) | ETH: Spot=$1,729.55 (Mom=$+1.48) | YES=$0.495 ($0.49/0.50) NO=$0.505 ($0.50/0.51)
2026-07-03 10:14:57.842 | INFO     | __main__:trade_loop:243 - Heartbeat | Cash=$120.98 PnL=$+0.00 (W/L: 0/0) | Elapsed: 297s | BTC: Spot=$61,703.35 (Mom=$-5.20) | YES=$0.495 ($0.49/0.50) NO=$0.505 ($0.50/0.51) | ETH: Spot=$1,729.24 (Mom=$-0.31) | YES=$0.465 ($0.43/0.50) NO=$0.535 ($0.50/0.57)
2026-07-03 10:15:03.158 | INFO     | polymarket_bot.market:_fetch_market_by_slug:134 -   📍 ETH market found via slug | UP=1606090528... DOWN=9649563358... | liquidity=$5776
2026-07-03 10:15:03.160 | INFO     | polymarket_bot.market:_fetch_market_by_slug:134 -   📍 BTC market found via slug | UP=1000721687... DOWN=6153164498... | liquidity=$17740
2026-07-03 10:15:03.166 | INFO     | polymarket_bot.clob_client:subscribe:195 - ClobBookCache: Token subscription list changed. Reconnecting to WS...
2026-07-03 10:15:03.806 | INFO     | polymarket_bot.clob_client:_stream_loop:232 - ClobBookCache: Polymarket WS connected
2026-07-03 10:15:03.807 | INFO     | polymarket_bot.clob_client:_stream_loop:240 - ClobBookCache: Subscribed to 4 tokens on connect
2026-07-03 10:15:29.360 | INFO     | __main__:trade_loop:243 - Heartbeat | Cash=$120.98 PnL=$+0.00 (W/L: 0/0) | Elapsed: 29s | BTC: Spot=$61,707.15 (Mom=$+3.80) | YES=$0.505 ($0.50/0.51) NO=$0.495 ($0.49/0.50) | ETH: Spot=$1,728.39 (Mom=$-0.63) | YES=$0.505 ($0.50/0.51) NO=$0.495 ($0.49/0.50)
2026-07-03 10:16:00.910 | INFO     | __main__:trade_loop:243 - Heartbeat | Cash=$120.98 PnL=$+0.00 (W/L: 0/0) | Elapsed: 61s | BTC: Spot=$61,725.35 (Mom=$+9.60) | YES=$0.505 ($0.50/0.51) NO=$0.495 ($0.49/0.50) | ETH: Spot=$1,728.89 (Mom=$+0.43) | YES=$0.505 ($0.50/0.51) NO=$0.495 ($0.49/0.50)
2026-07-03 10:16:06.324 | INFO     | __main__:trade_loop:191 - 📡 Signal approved: MOMENTUM_LONG BTC: UP/YES @ 0.505 | momentum=$+30.70 | implied_prob=50.50% | conf=13% | Expected slippage: $0.0000
2026-07-03 10:16:11.471 | ERROR    | polymarket_bot.clob_client:place_limit_order:391 - CLOB: Order placement failed: PolyApiException[status_code=None, error_message=Request exception!]
2026-07-03 10:16:11.471 | ERROR    | polymarket_bot.execution:_execute_live:139 - Live execution: no orders placed for BTC
2026-07-03 10:16:16.799 | INFO     | __main__:trade_loop:191 - 📡 Signal approved: MOMENTUM_LONG BTC: UP/YES @ 0.505 | momentum=$+31.80 | implied_prob=50.50% | conf=13% | Expected slippage: $0.0000
2026-07-03 10:16:17.456 | ERROR    | polymarket_bot.clob_client:place_limit_order:391 - CLOB: Order placement failed: PolyApiException[status_code=400, error_message={'error': 'the order signer address has to be the address of the API KEY'}]
2026-07-03 10:16:17.456 | ERROR    | polymarket_bot.execution:_execute_live:139 - Live execution: no orders placed for BTC
2026-07-03 10:16:32.822 | INFO     | __main__:trade_loop:243 - Heartbeat | Cash=$120.98 PnL=$+0.00 (W/L: 0/0) | Elapsed: 93s | BTC: Spot=$61,709.15 (Mom=$-22.00) | YES=$0.505 ($0.50/0.51) NO=$0.495 ($0.49/0.50) | ETH: Spot=$1,727.97 (Mom=$-1.30) | YES=$0.505 ($0.50/0.51) NO=$0.495 ($0.49/0.50)
2026-07-03 10:17:03.944 | INFO     | __main__:trade_loop:243 - Heartbeat | Cash=$120.98 PnL=$+0.00 (W/L: 0/0) | Elapsed: 124s | BTC: Spot=$61,677.65 (Mom=$-31.50) | YES=$0.505 ($0.50/0.51) NO=$0.495 ($0.49/0.50) | ETH: Spot=$1,727.47 (Mom=$-0.78) | YES=$0.505 ($0.50/0.51) NO=$0.495 ($0.49/0.50)
2026-07-03 10:17:34.910 | INFO     | __main__:trade_loop:243 - Heartbeat | Cash=$120.98 PnL=$+0.00 (W/L: 0/0) | Elapsed: 155s | BTC: Spot=$61,658.15 (Mom=$-19.50) | YES=$0.505 ($0.50/0.51) NO=$0.495 ($0.49/0.50) | ETH: Spot=$1,727.20 (Mom=$-0.27) | YES=$0.505 ($0.50/0.51) NO=$0.495 ($0.49/0.50)
2026-07-03 10:18:05.888 | INFO     | __main__:trade_loop:243 - Heartbeat | Cash=$120.98 PnL=$+0.00 (W/L: 0/0) | Elapsed: 186s | BTC: Spot=$61,657.95 (Mom=$-0.20) | YES=$0.505 ($0.50/0.51) NO=$0.495 ($0.49/0.50) | ETH: Spot=$1,727.26 (Mom=$+0.07) | YES=$0.505 ($0.50/0.51) NO=$0.495 ($0.49/0.50)
2026-07-03 10:18:36.852 | INFO     | __main__:trade_loop:243 - Heartbeat | Cash=$120.98 PnL=$+0.00 (W/L: 0/0) | Elapsed: 217s | BTC: Spot=$61,652.65 (Mom=$-5.30) | YES=$0.505 ($0.50/0.51) NO=$0.495 ($0.49/0.50) | ETH: Spot=$1,727.07 (Mom=$-0.20) | YES=$0.505 ($0.50/0.51) NO=$0.495 ($0.49/0.50)
2026-07-03 10:19:07.800 | INFO     | __main__:trade_loop:243 - Heartbeat | Cash=$120.98 PnL=$+0.00 (W/L: 0/0) | Elapsed: 248s | BTC: Spot=$61,662.35 (Mom=$+7.50) | YES=$0.495 ($0.49/0.50) NO=$0.505 ($0.50/0.51) | ETH: Spot=$1,727.18 (Mom=$+0.04) | YES=$0.505 ($0.50/0.51) NO=$0.495 ($0.49/0.50)
2026-07-03 10:19:40.010 | INFO     | __main__:trade_loop:243 - Heartbeat | Cash=$120.98 PnL=$+0.00 (W/L: 0/0) | Elapsed: 280s | BTC: Spot=$61,644.75 (Mom=$-17.60) | YES=$0.495 ($0.49/0.50) NO=$0.505 ($0.50/0.51) | ETH: Spot=$1,727.16 (Mom=$-0.11) | YES=$0.485 ($0.48/0.49) NO=$0.515 ($0.51/0.52)
2026-07-03 10:20:01.612 | INFO     | polymarket_bot.market:_fetch_market_by_slug:134 -   📍 ETH market found via slug | UP=3525887711... DOWN=5919077419... | liquidity=$5877
2026-07-03 10:20:01.919 | INFO     | polymarket_bot.market:_fetch_market_by_slug:134 -   📍 BTC market found via slug | UP=3780663016... DOWN=1091513814... | liquidity=$17872
2026-07-03 10:20:01.921 | INFO     | polymarket_bot.clob_client:subscribe:195 - ClobBookCache: Token subscription list changed. Reconnecting to WS...
2026-07-03 10:20:03.619 | INFO     | polymarket_bot.clob_client:_stream_loop:232 - ClobBookCache: Polymarket WS connected
2026-07-03 10:20:03.620 | INFO     | polymarket_bot.clob_client:_stream_loop:240 - ClobBookCache: Subscribed to 4 tokens on connect
2026-07-03 10:20:13.922 | INFO     | __main__:trade_loop:243 - Heartbeat | Cash=$120.98 PnL=$+0.00 (W/L: 0/0) | Elapsed: 14s | BTC: Spot=$61,676.85 (Mom=$+32.10) | YES=$0.505 ($0.50/0.51) NO=$0.495 ($0.49/0.50) | ETH: Spot=$1,728.24 (Mom=$+1.07) | YES=$0.505 ($0.50/0.51) NO=$0.495 ($0.49/0.50)
2026-07-03 10:20:45.192 | INFO     | __main__:trade_loop:243 - Heartbeat | Cash=$120.98 PnL=$+0.00 (W/L: 0/0) | Elapsed: 45s | BTC: Spot=$61,675.35 (Mom=$+4.10) | YES=$0.505 ($0.50/0.51) NO=$0.495 ($0.49/0.50) | ETH: Spot=$1,728.43 (Mom=$+0.20) | YES=$0.505 ($0.50/0.51) NO=$0.495 ($0.49/0.50)
2026-07-03 10:20:50.210 | INFO     | __main__:trade_loop:191 - 📡 Signal approved: MOMENTUM_LONG ETH: UP/YES @ 0.505 | momentum=$+1.08 | implied_prob=50.50% | conf=17% | Expected slippage: $0.0000
2026-07-03 10:20:51.313 | ERROR    | polymarket_bot.clob_client:place_limit_order:391 - CLOB: Order placement failed: PolyApiException[status_code=400, error_message={'error': 'the order signer address has to be the address of the API KEY'}]
2026-07-03 10:20:51.314 | ERROR    | polymarket_bot.execution:_execute_live:139 - Live execution: no orders placed for ETH
2026-07-03 10:20:56.730 | INFO     | __main__:trade_loop:191 - 📡 Signal approved: MOMENTUM_LONG ETH: UP/YES @ 0.505 | momentum=$+1.08 | implied_prob=50.50% | conf=17% | Expected slippage: $0.0000
2026-07-03 10:20:57.021 | ERROR    | polymarket_bot.clob_client:place_limit_order:391 - CLOB: Order placement failed: PolyApiException[status_code=400, error_message={'error': 'the order signer address has to be the address of the API KEY'}]
2026-07-03 10:20:57.022 | ERROR    | polymarket_bot.execution:_execute_live:139 - Live execution: no orders placed for ETH
2026-07-03 10:21:02.038 | INFO     | __main__:trade_loop:191 - 📡 Signal approved: MOMENTUM_LONG BTC: UP/YES @ 0.505 | momentum=$+44.50 | implied_prob=50.50% | conf=19% | Expected slippage: $0.0000
2026-07-03 10:21:02.944 | ERROR    | polymarket_bot.clob_client:place_limit_order:391 - CLOB: Order placement failed: PolyApiException[status_code=400, error_message={'error': 'the order signer address has to be the address of the API KEY'}]
2026-07-03 10:21:02.944 | ERROR    | polymarket_bot.execution:_execute_live:139 - Live execution: no orders placed for BTC
2026-07-03 10:21:02.951 | INFO     | __main__:trade_loop:191 - 📡 Signal approved: MOMENTUM_LONG ETH: UP/YES @ 0.505 | momentum=$+1.98 | implied_prob=50.50% | conf=19% | Expected slippage: $0.0000
2026-07-03 10:21:03.143 | ERROR    | polymarket_bot.clob_client:place_limit_order:391 - CLOB: Order placement failed: PolyApiException[status_code=400, error_message={'error': 'the order signer address has to be the address of the API KEY'}]
2026-07-03 10:21:03.144 | ERROR    | polymarket_bot.execution:_execute_live:139 - Live execution: no orders placed for ETH
2026-07-03 10:21:08.533 | INFO     | __main__:trade_loop:191 - 📡 Signal approved: MOMENTUM_LONG BTC: UP/YES @ 0.505 | momentum=$+49.80 | implied_prob=50.50% | conf=19% | Expected slippage: $0.0000
2026-07-03 10:21:08.850 | ERROR    | polymarket_bot.clob_client:place_limit_order:391 - CLOB: Order placement failed: PolyApiException[status_code=400, error_message={'error': 'the order signer address has to be the address of the API KEY'}]
2026-07-03 10:21:08.850 | ERROR    | polymarket_bot.execution:_execute_live:139 - Live execution: no orders placed for BTC
2026-07-03 10:21:08.855 | INFO     | __main__:trade_loop:191 - 📡 Signal approved: MOMENTUM_LONG ETH: UP/YES @ 0.505 | momentum=$+1.71 | implied_prob=50.50% | conf=19% | Expected slippage: $0.0000
2026-07-03 10:21:09.029 | ERROR    | polymarket_bot.clob_client:place_limit_order:391 - CLOB: Order placement failed: PolyApiException[status_code=400, error_message={'error': 'the order signer address has to be the address of the API KEY'}]
2026-07-03 10:21:09.030 | ERROR    | polymarket_bot.execution:_execute_live:139 - Live execution: no orders placed for ETH
2026-07-03 10:21:14.044 | INFO     | __main__:trade_loop:191 - 📡 Signal approved: MOMENTUM_LONG BTC: UP/YES @ 0.505 | momentum=$+56.00 | implied_prob=50.50% | conf=19% | Expected slippage: $0.0000
2026-07-03 10:21:14.311 | ERROR    | polymarket_bot.clob_client:place_limit_order:391 - CLOB: Order placement failed: PolyApiException[status_code=400, error_message={'error': 'the order signer address has to be the address of the API KEY'}]
2026-07-03 10:21:14.311 | ERROR    | polymarket_bot.execution:_execute_live:139 - Live execution: no orders placed for BTC
2026-07-03 10:21:14.317 | INFO     | __main__:trade_loop:191 - 📡 Signal approved: MOMENTUM_LONG ETH: UP/YES @ 0.505 | momentum=$+2.17 | implied_prob=50.50% | conf=19% | Expected slippage: $0.0000
2026-07-03 10:21:14.653 | ERROR    | polymarket_bot.clob_client:place_limit_order:391 - CLOB: Order placement failed: PolyApiException[status_code=400, error_message={'error': 'the order signer address has to be the address of the API KEY'}]
2026-07-03 10:21:14.653 | ERROR    | polymarket_bot.execution:_execute_live:139 - Live execution: no orders placed for ETH
2026-07-03 10:21:19.950 | INFO     | __main__:trade_loop:191 - 📡 Signal approved: MOMENTUM_LONG BTC: UP/YES @ 0.505 | momentum=$+43.80 | implied_prob=50.50% | conf=18% | Expected slippage: $0.0000
2026-07-03 10:21:21.043 | ERROR    | polymarket_bot.clob_client:place_limit_order:391 - CLOB: Order placement failed: PolyApiException[status_code=400, error_message={'error': 'the order signer address has to be the address of the API KEY'}]
2026-07-03 10:21:21.044 | ERROR    | polymarket_bot.execution:_execute_live:139 - Live execution: no orders placed for BTC
2026-07-03 10:21:21.051 | INFO     | __main__:trade_loop:191 - 📡 Signal approved: MOMENTUM_LONG ETH: UP/YES @ 0.505 | momentum=$+1.48 | implied_prob=50.50% | conf=19% | Expected slippage: $0.0000
2026-07-03 10:21:21.253 | ERROR    | polymarket_bot.clob_client:place_limit_order:391 - CLOB: Order placement failed: PolyApiException[status_code=400, error_message={'error': 'the order signer address has to be the address of the API KEY'}]
2026-07-03 10:21:21.253 | ERROR    | polymarket_bot.execution:_execute_live:139 - Live execution: no orders placed for ETH
2026-07-03 10:21:21.270 | INFO     | __main__:trade_loop:243 - Heartbeat | Cash=$120.98 PnL=$+0.00 (W/L: 0/0) | Elapsed: 80s | BTC: Spot=$61,697.75 (Mom=$+22.40) | YES=$0.505 ($0.50/0.51) NO=$0.495 ($0.49/0.50) | ETH: Spot=$1,728.95 (Mom=$+0.43) | YES=$0.505 ($0.50/0.51) NO=$0.495 ($0.49/0.50)
2026-07-03 10:21:26.282 | INFO     | __main__:trade_loop:191 - 📡 Signal approved: MOMENTUM_LONG BTC: UP/YES @ 0.505 | momentum=$+39.80 | implied_prob=50.50% | conf=11% | Expected slippage: $0.0000
2026-07-03 10:21:26.885 | ERROR    | polymarket_bot.clob_client:place_limit_order:391 - CLOB: Order placement failed: PolyApiException[status_code=400, error_message={'error': 'the order signer address has to be the address of the API KEY'}]
2026-07-03 10:21:26.885 | ERROR    | polymarket_bot.execution:_execute_live:139 - Live execution: no orders placed for BTC
2026-07-03 10:21:26.906 | INFO     | __main__:trade_loop:191 - 📡 Signal approved: MOMENTUM_LONG ETH: UP/YES @ 0.505 | momentum=$+0.81 | implied_prob=50.50% | conf=13% | Expected slippage: $0.0000
2026-07-03 10:21:27.081 | ERROR    | polymarket_bot.clob_client:place_limit_order:391 - CLOB: Order placement failed: PolyApiException[status_code=400, error_message={'error': 'the order signer address has to be the address of the API KEY'}]
2026-07-03 10:21:27.082 | ERROR    | polymarket_bot.execution:_execute_live:139 - Live execution: no orders placed for ETH
2026-07-03 10:21:32.668 | INFO     | __main__:trade_loop:191 - 📡 Signal approved: MOMENTUM_LONG BTC: UP/YES @ 0.505 | momentum=$+48.70 | implied_prob=50.50% | conf=13% | Expected slippage: $0.0000
2026-07-03 10:21:32.950 | ERROR    | polymarket_bot.clob_client:place_limit_order:391 - CLOB: Order placement failed: PolyApiException[status_code=400, error_message={'error': 'the order signer address has to be the address of the API KEY'}]
2026-07-03 10:21:32.950 | ERROR    | polymarket_bot.execution:_execute_live:139 - Live execution: no orders placed for BTC
2026-07-03 10:21:32.957 | INFO     | __main__:trade_loop:191 - 📡 Signal approved: MOMENTUM_LONG ETH: UP/YES @ 0.505 | momentum=$+1.14 | implied_prob=50.50% | conf=18% | Expected slippage: $0.0000
2026-07-03 10:21:33.146 | ERROR    | polymarket_bot.clob_client:place_limit_order:391 - CLOB: Order placement failed: PolyApiException[status_code=400, error_message={'error': 'the order signer address has to be the address of the API KEY'}]
2026-07-03 10:21:33.147 | ERROR    | polymarket_bot.execution:_execute_live:139 - Live execution: no orders placed for ETH
2026-07-03 10:21:38.160 | INFO     | __main__:trade_loop:191 - 📡 Signal approved: MOMENTUM_LONG BTC: UP/YES @ 0.505 | momentum=$+52.80 | implied_prob=50.50% | conf=14% | Expected slippage: $0.0000
2026-07-03 10:21:38.555 | ERROR    | polymarket_bot.clob_client:place_limit_order:391 - CLOB: Order placement failed: PolyApiException[status_code=400, error_message={'error': 'the order signer address has to be the address of the API KEY'}]
2026-07-03 10:21:38.555 | ERROR    | polymarket_bot.execution:_execute_live:139 - Live execution: no orders placed for BTC
2026-07-03 10:21:38.563 | INFO     | __main__:trade_loop:191 - 📡 Signal approved: MOMENTUM_LONG ETH: UP/YES @ 0.505 | momentum=$+1.13 | implied_prob=50.50% | conf=19% | Expected slippage: $0.0000
2026-07-03 10:21:38.779 | ERROR    | polymarket_bot.clob_client:place_limit_order:391 - CLOB: Order placement failed: PolyApiException[status_code=400, error_message={'error': 'the order signer address has to be the address of the API KEY'}]
2026-07-03 10:21:38.782 | ERROR    | polymarket_bot.execution:_execute_live:139 - Live execution: no orders placed for ETH
2026-07-03 10:21:49.228 | INFO     | __main__:trade_loop:191 - 📡 Signal approved: MOMENTUM_LONG ETH: UP/YES @ 0.505 | momentum=$+1.13 | implied_prob=50.50% | conf=22% | Expected slippage: $0.0000
2026-07-03 10:21:50.293 | ERROR    | polymarket_bot.clob_client:place_limit_order:391 - CLOB: Order placement failed: PolyApiException[status_code=400, error_message={'error': 'the order signer address has to be the address of the API KEY'}]
2026-07-03 10:21:50.293 | ERROR    | polymarket_bot.execution:_execute_live:139 - Live execution: no orders placed for ETH
2026-07-03 10:22:04.210 | INFO     | __main__:trade_loop:191 - 📡 Signal approved: MOMENTUM_LONG ETH: UP/YES @ 0.505 | momentum=$+1.32 | implied_prob=50.50% | conf=25% | Expected slippage: $0.0000
2026-07-03 10:22:05.673 | ERROR    | polymarket_bot.clob_client:place_limit_order:391 - CLOB: Order placement failed: PolyApiException[status_code=400, error_message={'error': 'the order signer address has to be the address of the API KEY'}]
2026-07-03 10:22:05.673 | ERROR    | polymarket_bot.execution:_execute_live:139 - Live execution: no orders placed for ETH
2026-07-03 10:22:05.695 | INFO     | __main__:trade_loop:243 - Heartbeat | Cash=$120.98 PnL=$+0.00 (W/L: 0/0) | Elapsed: 115s | BTC: Spot=$61,711.75 (Mom=$+5.00) | YES=$0.495 ($0.49/0.50) NO=$0.505 ($0.50/0.51) | ETH: Spot=$1,728.61 (Mom=$-0.06) | YES=$0.505 ($0.50/0.51) NO=$0.495 ($0.49/0.50)
2026-07-03 10:22:36.738 | INFO     | __main__:trade_loop:243 - Heartbeat | Cash=$120.98 PnL=$+0.00 (W/L: 0/0) | Elapsed: 157s | BTC: Spot=$61,698.05 (Mom=$-13.70) | YES=$0.495 ($0.49/0.50) NO=$0.505 ($0.50/0.51) | ETH: Spot=$1,728.05 (Mom=$-0.56) | YES=$0.505 ($0.50/0.51) NO=$0.495 ($0.49/0.50)
2026-07-03 10:23:11.263 | INFO     | __main__:trade_loop:243 - Heartbeat | Cash=$120.98 PnL=$+0.00 (W/L: 0/0) | Elapsed: 191s | BTC: Spot=$61,698.15 (Mom=$-2.00) | YES=$0.505 ($0.50/0.51) NO=$0.495 ($0.49/0.50) | ETH: Spot=$1,727.59 (Mom=$-0.42) | YES=$0.505 ($0.50/0.51) NO=$0.495 ($0.49/0.50)
2026-07-03 10:23:41.389 | INFO     | __main__:trade_loop:243 - Heartbeat | Cash=$120.98 PnL=$+0.00 (W/L: 0/0) | Elapsed: 221s | BTC: Spot=$61,696.15 (Mom=$-2.00) | YES=$0.495 ($0.49/0.50) NO=$0.505 ($0.50/0.51) | ETH: Spot=$1,727.68 (Mom=$+0.08) | YES=$0.505 ($0.50/0.51) NO=$0.495 ($0.49/0.50)
2026-07-03 10:24:12.813 | INFO     | __main__:trade_loop:243 - Heartbeat | Cash=$120.98 PnL=$+0.00 (W/L: 0/0) | Elapsed: 252s | BTC: Spot=$61,699.95 (Mom=$+3.80) | YES=$0.495 ($0.49/0.50) NO=$0.505 ($0.50/0.51) | ETH: Spot=$1,727.95 (Mom=$+0.28) | YES=$0.505 ($0.50/0.51) NO=$0.495 ($0.49/0.50)
2026-07-03 10:24:45.999 | INFO     | __main__:trade_loop:243 - Heartbeat | Cash=$120.98 PnL=$+0.00 (W/L: 0/0) | Elapsed: 284s | BTC: Spot=$61,699.95 (Mom=$+0.00) | YES=$0.495 ($0.49/0.50) NO=$0.505 ($0.50/0.51) | ETH: Spot=$1,728.03 (Mom=$+0.07) | YES=$0.480 ($0.47/0.49) NO=$0.520 ($0.51/0.53)
2026-07-03 10:25:06.986 | INFO     | polymarket_bot.market:_fetch_market_by_slug:134 -   📍 BTC market found via slug | UP=3913297376... DOWN=9320209668... | liquidity=$16996
2026-07-03 10:25:06.989 | INFO     | polymarket_bot.market:_fetch_market_by_slug:134 -   📍 ETH market found via slug | UP=4519233105... DOWN=1403380925... | liquidity=$5722
2026-07-03 10:25:06.996 | INFO     | polymarket_bot.clob_client:subscribe:195 - ClobBookCache: Token subscription list changed. Reconnecting to WS...
2026-07-03 10:25:07.833 | INFO     | polymarket_bot.clob_client:_stream_loop:232 - ClobBookCache: Polymarket WS connected
2026-07-03 10:25:07.834 | INFO     | polymarket_bot.clob_client:_stream_loop:240 - ClobBookCache: Subscribed to 4 tokens on connect
2026-07-03 10:25:19.464 | INFO     | __main__:trade_loop:243 - Heartbeat | Cash=$120.98 PnL=$+0.00 (W/L: 0/0) | Elapsed: 19s | BTC: Spot=$61,678.55 (Mom=$-21.40) | YES=$0.505 ($0.50/0.51) NO=$0.495 ($0.49/0.50) | ETH: Spot=$1,727.47 (Mom=$-0.55) | YES=$0.505 ($0.50/0.51) NO=$0.495 ($0.49/0.50)
2026-07-03 10:25:27.662 | INFO     | __main__:main:317 - ============================================================
2026-07-03 10:25:27.662 | INFO     | __main__:main:318 -   POLYMARKET BOT
2026-07-03 10:25:27.662 | INFO     | __main__:main:319 -   Mode:   LIVE
2026-07-03 10:25:27.663 | INFO     | __main__:main:320 -   Assets: BTC, ETH
2026-07-03 10:25:27.663 | INFO     | __main__:main:321 -   Account: $121.00
2026-07-03 10:25:27.663 | INFO     | __main__:main:322 - ============================================================
2026-07-03 10:25:27.663 | INFO     | polymarket_bot.clob_client:start:213 - ClobBookCache: WebSocket streaming started
2026-07-03 10:25:27.663 | INFO     | __main__:main:335 - Warming up WebSocket feeds (3s)...
2026-07-03 10:25:27.663 | INFO     | polymarket_bot.price_feed:_listen_loop:131 - Connecting to Bybit WebSocket at wss://stream.bybit.com/v5/public/spot...
2026-07-03 10:25:27.937 | INFO     | polymarket_bot.clob_client:_stream_loop:232 - ClobBookCache: Polymarket WS connected
2026-07-03 10:25:28.869 | INFO     | polymarket_bot.price_feed:_listen_loop:134 - Connected to Bybit public Spot WebSocket.
2026-07-03 10:25:28.870 | INFO     | polymarket_bot.price_feed:_listen_loop:139 - Subscribed to Bybit orderbook + trade topics: ['orderbook.1.BTCUSDT', 'orderbook.1.ETHUSDT', 'publicTrade.BTCUSDT', 'publicTrade.ETHUSDT']
2026-07-03 10:25:39.782 | INFO     | __main__:main:317 - ============================================================
2026-07-03 10:25:39.782 | INFO     | __main__:main:318 -   POLYMARKET BOT
2026-07-03 10:25:39.782 | INFO     | __main__:main:319 -   Mode:   LIVE
2026-07-03 10:25:39.782 | INFO     | __main__:main:320 -   Assets: BTC, ETH
2026-07-03 10:25:39.782 | INFO     | __main__:main:321 -   Account: $121.00
2026-07-03 10:25:39.782 | INFO     | __main__:main:322 - ============================================================
2026-07-03 10:25:39.782 | INFO     | polymarket_bot.clob_client:start:213 - ClobBookCache: WebSocket streaming started
2026-07-03 10:25:39.782 | INFO     | __main__:main:335 - Warming up WebSocket feeds (3s)...
2026-07-03 10:25:39.783 | INFO     | polymarket_bot.price_feed:_listen_loop:131 - Connecting to Bybit WebSocket at wss://stream.bybit.com/v5/public/spot...
2026-07-03 10:25:40.745 | INFO     | polymarket_bot.price_feed:_listen_loop:134 - Connected to Bybit public Spot WebSocket.
2026-07-03 10:25:40.746 | INFO     | polymarket_bot.price_feed:_listen_loop:139 - Subscribed to Bybit orderbook + trade topics: ['orderbook.1.BTCUSDT', 'orderbook.1.ETHUSDT', 'publicTrade.BTCUSDT', 'publicTrade.ETHUSDT']
2026-07-03 10:25:40.812 | INFO     | polymarket_bot.clob_client:_stream_loop:232 - ClobBookCache: Polymarket WS connected
2026-07-03 10:25:42.822 | INFO     | polymarket_bot.dashboard:start_dashboard:764 - 🟢 Dashboard UI running on http://0.0.0.0:8080
2026-07-03 10:25:42.823 | INFO     | __main__:trade_loop:52 - Trade loop started
2026-07-03 10:25:42.826 | INFO     | __main__:monitor_loop:258 - Position monitor loop started
2026-07-03 10:25:42.969 | INFO     | polymarket_bot.market:_fetch_market_by_slug:134 -   📍 ETH market found via slug | UP=4519233105... DOWN=1403380925... | liquidity=$5722
2026-07-03 10:25:43.204 | INFO     | polymarket_bot.market:_fetch_market_by_slug:134 -   📍 BTC market found via slug | UP=3913297376... DOWN=9320209668... | liquidity=$16996
2026-07-03 10:25:43.216 | INFO     | polymarket_bot.clob_client:subscribe:195 - ClobBookCache: Token subscription list changed. Reconnecting to WS...
2026-07-03 10:25:47.065 | INFO     | polymarket_bot.clob_client:_stream_loop:232 - ClobBookCache: Polymarket WS connected
2026-07-03 10:25:47.065 | INFO     | polymarket_bot.clob_client:_stream_loop:240 - ClobBookCache: Subscribed to 4 tokens on connect
2026-07-03 10:25:48.797 | INFO     | __main__:trade_loop:243 - Heartbeat | Cash=$121.00 PnL=$+0.00 (W/L: 0/0) | Elapsed: 43s | BTC: Spot=$61,682.15 (Mom=$+8.50) | YES=$0.505 ($0.50/0.51) NO=$0.495 ($0.49/0.50) | ETH: Spot=$1,727.39 (Mom=$+0.22) | YES=$0.505 ($0.50/0.51) NO=$0.495 ($0.49/0.50)
2026-07-03 10:26:01.490 | INFO     | __main__:trade_loop:191 - 📡 Signal approved: MOMENTUM_LONG ETH: UP/YES @ 0.505 | momentum=$+0.80 | implied_prob=50.50% | conf=12% | Expected slippage: $0.0000
2026-07-03 10:26:02.923 | INFO     | polymarket_bot.clob_client:_build_client:155 - CLOB: Authenticated successfully (L1+L2)
2026-07-03 10:26:03.575 | ERROR    | polymarket_bot.clob_client:place_limit_order:391 - CLOB: Order placement failed: PolyApiException[status_code=400, error_message={'error': 'invalid amount for a marketable BUY order ($0.99), min size: 1'}]
2026-07-03 10:26:03.575 | ERROR    | polymarket_bot.execution:_execute_live:139 - Live execution: no orders placed for ETH
2026-07-03 10:26:08.578 | INFO     | __main__:trade_loop:191 - 📡 Signal approved: MOMENTUM_LONG ETH: UP/YES @ 0.505 | momentum=$+1.00 | implied_prob=50.50% | conf=16% | Expected slippage: $0.0000
2026-07-03 10:26:09.283 | ERROR    | polymarket_bot.clob_client:place_limit_order:391 - CLOB: Order placement failed: PolyApiException[status_code=400, error_message={'error': 'invalid amount for a marketable BUY order ($0.99), min size: 1'}]
2026-07-03 10:26:09.283 | ERROR    | polymarket_bot.execution:_execute_live:139 - Live execution: no orders placed for ETH
2026-07-03 10:26:20.202 | INFO     | __main__:trade_loop:243 - Heartbeat | Cash=$121.00 PnL=$+0.00 (W/L: 0/0) | Elapsed: 80s | BTC: Spot=$61,681.35 (Mom=$-0.80) | YES=$0.505 ($0.50/0.51) NO=$0.495 ($0.49/0.50) | ETH: Spot=$1,727.39 (Mom=$-0.20) | YES=$0.505 ($0.50/0.51) NO=$0.495 ($0.49/0.50)
2026-07-03 10:26:51.663 | INFO     | __main__:main:317 - ============================================================
2026-07-03 10:26:51.664 | INFO     | __main__:main:318 -   POLYMARKET BOT
2026-07-03 10:26:51.664 | INFO     | __main__:main:319 -   Mode:   LIVE
2026-07-03 10:26:51.664 | INFO     | __main__:main:320 -   Assets: BTC, ETH
2026-07-03 10:26:51.664 | INFO     | __main__:main:321 -   Account: $121.00
2026-07-03 10:26:51.664 | INFO     | __main__:main:322 - ============================================================
2026-07-03 10:26:51.664 | INFO     | polymarket_bot.clob_client:start:213 - ClobBookCache: WebSocket streaming started
2026-07-03 10:26:51.664 | INFO     | __main__:main:335 - Warming up WebSocket feeds (3s)...
2026-07-03 10:26:51.664 | INFO     | polymarket_bot.price_feed:_listen_loop:131 - Connecting to Bybit WebSocket at wss://stream.bybit.com/v5/public/spot...
2026-07-03 10:26:52.070 | INFO     | polymarket_bot.clob_client:_stream_loop:232 - ClobBookCache: Polymarket WS connected
2026-07-03 10:26:53.031 | INFO     | polymarket_bot.price_feed:_listen_loop:134 - Connected to Bybit public Spot WebSocket.
2026-07-03 10:26:53.032 | INFO     | polymarket_bot.price_feed:_listen_loop:139 - Subscribed to Bybit orderbook + trade topics: ['orderbook.1.BTCUSDT', 'orderbook.1.ETHUSDT', 'publicTrade.BTCUSDT', 'publicTrade.ETHUSDT']
2026-07-03 10:26:54.710 | INFO     | polymarket_bot.dashboard:start_dashboard:764 - 🟢 Dashboard UI running on http://0.0.0.0:8080
2026-07-03 10:26:54.710 | INFO     | __main__:trade_loop:52 - Trade loop started
2026-07-03 10:26:54.711 | INFO     | __main__:monitor_loop:258 - Position monitor loop started
2026-07-03 10:26:55.063 | INFO     | polymarket_bot.market:_fetch_market_by_slug:134 -   📍 ETH market found via slug | UP=4519233105... DOWN=1403380925... | liquidity=$6116
2026-07-03 10:26:55.773 | INFO     | polymarket_bot.market:_fetch_market_by_slug:134 -   📍 BTC market found via slug | UP=3913297376... DOWN=9320209668... | liquidity=$16996
2026-07-03 10:26:55.774 | INFO     | polymarket_bot.clob_client:subscribe:195 - ClobBookCache: Token subscription list changed. Reconnecting to WS...
2026-07-03 10:26:56.312 | INFO     | polymarket_bot.clob_client:_stream_loop:232 - ClobBookCache: Polymarket WS connected
2026-07-03 10:26:56.312 | INFO     | polymarket_bot.clob_client:_stream_loop:240 - ClobBookCache: Subscribed to 4 tokens on connect
2026-07-03 10:26:56.604 | INFO     | __main__:trade_loop:243 - Heartbeat | Cash=$121.00 PnL=$+0.00 (W/L: 0/0) | Elapsed: 115s | BTC: Spot=$61,657.85 (Mom=$+0.00) | YES=$0.505 ($0.50/0.51) NO=$0.495 ($0.49/0.50) | ETH: Spot=$1,726.07 (Mom=$-0.07) | YES=$0.505 ($0.50/0.51) NO=$0.495 ($0.49/0.50)
2026-07-03 10:27:30.675 | INFO     | __main__:trade_loop:243 - Heartbeat | Cash=$121.00 PnL=$+0.00 (W/L: 0/0) | Elapsed: 147s | BTC: Spot=$61,651.55 (Mom=$-6.30) | YES=$0.505 ($0.50/0.51) NO=$0.495 ($0.49/0.50) | ETH: Spot=$1,725.74 (Mom=$-0.47) | YES=$0.505 ($0.50/0.51) NO=$0.495 ($0.49/0.50)
2026-07-03 10:28:02.966 | INFO     | __main__:trade_loop:243 - Heartbeat | Cash=$121.00 PnL=$+0.00 (W/L: 0/0) | Elapsed: 181s | BTC: Spot=$61,652.65 (Mom=$+3.60) | YES=$0.505 ($0.50/0.51) NO=$0.495 ($0.49/0.50) | ETH: Spot=$1,725.99 (Mom=$+0.41) | YES=$0.505 ($0.50/0.51) NO=$0.495 ($0.49/0.50)
2026-07-03 10:28:35.116 | INFO     | __main__:trade_loop:243 - Heartbeat | Cash=$121.00 PnL=$+0.00 (W/L: 0/0) | Elapsed: 214s | BTC: Spot=$61,670.85 (Mom=$+18.20) | YES=$0.505 ($0.50/0.51) NO=$0.495 ($0.49/0.50) | ETH: Spot=$1,726.34 (Mom=$+0.11) | YES=$0.495 ($0.49/0.50) NO=$0.505 ($0.50/0.51)
2026-07-03 10:29:07.075 | INFO     | __main__:trade_loop:243 - Heartbeat | Cash=$121.00 PnL=$+0.00 (W/L: 0/0) | Elapsed: 246s | BTC: Spot=$61,684.15 (Mom=$+7.60) | YES=$0.505 ($0.50/0.51) NO=$0.495 ($0.49/0.50) | ETH: Spot=$1,726.55 (Mom=$+0.21) | YES=$0.495 ($0.49/0.50) NO=$0.505 ($0.50/0.51)
2026-07-03 10:29:37.985 | INFO     | __main__:trade_loop:243 - Heartbeat | Cash=$121.00 PnL=$+0.00 (W/L: 0/0) | Elapsed: 278s | BTC: Spot=$61,684.15 (Mom=$+0.00) | YES=$0.495 ($0.49/0.50) NO=$0.505 ($0.50/0.51) | ETH: Spot=$1,726.64 (Mom=$+0.10) | YES=$0.495 ($0.49/0.50) NO=$0.505 ($0.50/0.51)
2026-07-03 10:30:07.947 | INFO     | polymarket_bot.market:_fetch_market_by_slug:134 -   📍 ETH market found via slug | UP=3543738274... DOWN=1051056111... | liquidity=$6799
2026-07-03 10:30:08.358 | INFO     | polymarket_bot.market:_fetch_market_by_slug:134 -   📍 BTC market found via slug | UP=1036158415... DOWN=8698101639... | liquidity=$14905
2026-07-03 10:30:08.360 | INFO     | polymarket_bot.clob_client:subscribe:195 - ClobBookCache: Token subscription list changed. Reconnecting to WS...
2026-07-03 10:30:18.360 | WARNING  | polymarket_bot.clob_client:_stream_loop:255 - ClobBookCache: WS disconnected (sent 1000 (OK); no close frame received), reconnecting in 3.0s...
2026-07-03 10:30:19.028 | INFO     | __main__:trade_loop:243 - Heartbeat | Cash=$121.00 PnL=$+0.00 (W/L: 0/0) | Elapsed: 7s | BTC: Spot=$61,666.75 (Mom=$-16.30) | YES=$0.505 ($0.50/0.51) NO=$0.495 ($0.49/0.50) | ETH: Spot=$1,725.64 (Mom=$-0.72) | YES=$0.505 ($0.50/0.51) NO=$0.495 ($0.49/0.50)
2026-07-03 10:30:21.769 | INFO     | polymarket_bot.clob_client:_stream_loop:232 - ClobBookCache: Polymarket WS connected
2026-07-03 10:30:21.769 | INFO     | polymarket_bot.clob_client:_stream_loop:240 - ClobBookCache: Subscribed to 4 tokens on connect
2026-07-03 10:30:49.929 | INFO     | __main__:trade_loop:243 - Heartbeat | Cash=$121.00 PnL=$+0.00 (W/L: 0/0) | Elapsed: 50s | BTC: Spot=$61,655.95 (Mom=$-4.80) | YES=$0.505 ($0.50/0.51) NO=$0.495 ($0.49/0.50) | ETH: Spot=$1,725.38 (Mom=$-0.27) | YES=$0.505 ($0.50/0.51) NO=$0.495 ($0.49/0.50)
2026-07-03 10:31:20.978 | INFO     | __main__:trade_loop:243 - Heartbeat | Cash=$121.00 PnL=$+0.00 (W/L: 0/0) | Elapsed: 81s | BTC: Spot=$61,671.55 (Mom=$+15.60) | YES=$0.505 ($0.50/0.51) NO=$0.495 ($0.49/0.50) | ETH: Spot=$1,725.64 (Mom=$+0.43) | YES=$0.505 ($0.50/0.51) NO=$0.495 ($0.49/0.50)
2026-07-03 10:31:51.876 | INFO     | __main__:trade_loop:243 - Heartbeat | Cash=$121.00 PnL=$+0.00 (W/L: 0/0) | Elapsed: 112s | BTC: Spot=$61,689.05 (Mom=$+17.50) | YES=$0.505 ($0.50/0.51) NO=$0.495 ($0.49/0.50) | ETH: Spot=$1,725.89 (Mom=$+0.25) | YES=$0.505 ($0.50/0.51) NO=$0.495 ($0.49/0.50)
2026-07-03 10:32:22.873 | INFO     | __main__:trade_loop:243 - Heartbeat | Cash=$121.00 PnL=$+0.00 (W/L: 0/0) | Elapsed: 143s | BTC: Spot=$61,683.35 (Mom=$-5.70) | YES=$0.505 ($0.50/0.51) NO=$0.495 ($0.49/0.50) | ETH: Spot=$1,725.93 (Mom=$+0.04) | YES=$0.505 ($0.50/0.51) NO=$0.495 ($0.49/0.50)
2026-07-03 10:32:54.084 | INFO     | __main__:trade_loop:243 - Heartbeat | Cash=$121.00 PnL=$+0.00 (W/L: 0/0) | Elapsed: 174s | BTC: Spot=$61,681.15 (Mom=$-2.20) | YES=$0.505 ($0.50/0.51) NO=$0.495 ($0.49/0.50) | ETH: Spot=$1,726.03 (Mom=$+0.10) | YES=$0.505 ($0.50/0.51) NO=$0.495 ($0.49/0.50)
2026-07-03 10:33:25.223 | INFO     | __main__:trade_loop:243 - Heartbeat | Cash=$121.00 PnL=$+0.00 (W/L: 0/0) | Elapsed: 205s | BTC: Spot=$61,676.05 (Mom=$-5.10) | YES=$0.505 ($0.50/0.51) NO=$0.495 ($0.49/0.50) | ETH: Spot=$1,726.03 (Mom=$+0.00) | YES=$0.505 ($0.50/0.51) NO=$0.495 ($0.49/0.50)
2026-07-03 10:33:57.431 | INFO     | __main__:trade_loop:243 - Heartbeat | Cash=$121.00 PnL=$+0.00 (W/L: 0/0) | Elapsed: 237s | BTC: Spot=$61,678.85 (Mom=$+2.80) | YES=$0.505 ($0.50/0.51) NO=$0.495 ($0.49/0.50) | ETH: Spot=$1,725.95 (Mom=$-0.08) | YES=$0.505 ($0.50/0.51) NO=$0.495 ($0.49/0.50)
2026-07-03 10:34:28.458 | INFO     | __main__:trade_loop:243 - Heartbeat | Cash=$121.00 PnL=$+0.00 (W/L: 0/0) | Elapsed: 268s | BTC: Spot=$61,649.25 (Mom=$-29.60) | YES=$0.505 ($0.50/0.51) NO=$0.495 ($0.49/0.50) | ETH: Spot=$1,724.70 (Mom=$-1.24) | YES=$0.515 ($0.51/0.52) NO=$0.485 ($0.48/0.49)
2026-07-03 10:34:59.494 | INFO     | __main__:trade_loop:243 - Heartbeat | Cash=$121.00 PnL=$+0.00 (W/L: 0/0) | Elapsed: 299s | BTC: Spot=$61,613.95 (Mom=$-35.30) | YES=$0.505 ($0.50/0.51) NO=$0.495 ($0.49/0.50) | ETH: Spot=$1,723.53 (Mom=$-1.17) | YES=$0.525 ($0.52/0.53) NO=$0.475 ($0.47/0.48)
2026-07-03 10:35:04.740 | INFO     | polymarket_bot.market:_fetch_market_by_slug:134 -   📍 ETH market found via slug | UP=3240312212... DOWN=5682195304... | liquidity=$5796
2026-07-03 10:35:04.777 | INFO     | polymarket_bot.market:_fetch_market_by_slug:134 -   📍 BTC market found via slug | UP=2103722270... DOWN=1045496447... | liquidity=$17847
2026-07-03 10:35:04.779 | INFO     | polymarket_bot.clob_client:subscribe:195 - ClobBookCache: Token subscription list changed. Reconnecting to WS...
2026-07-03 10:35:05.586 | INFO     | polymarket_bot.clob_client:_stream_loop:232 - ClobBookCache: Polymarket WS connected
2026-07-03 10:35:05.588 | INFO     | polymarket_bot.clob_client:_stream_loop:240 - ClobBookCache: Subscribed to 4 tokens on connect
2026-07-03 10:35:30.925 | INFO     | __main__:trade_loop:243 - Heartbeat | Cash=$121.00 PnL=$+0.00 (W/L: 0/0) | Elapsed: 31s | BTC: Spot=$61,620.55 (Mom=$+1.90) | YES=$0.505 ($0.50/0.51) NO=$0.495 ($0.49/0.50) | ETH: Spot=$1,724.22 (Mom=$+0.34) | YES=$0.505 ($0.50/0.51) NO=$0.495 ($0.49/0.50)
2026-07-03 10:36:02.333 | INFO     | __main__:trade_loop:243 - Heartbeat | Cash=$121.00 PnL=$+0.00 (W/L: 0/0) | Elapsed: 62s | BTC: Spot=$61,621.95 (Mom=$-5.40) | YES=$0.505 ($0.50/0.51) NO=$0.495 ($0.49/0.50) | ETH: Spot=$1,723.70 (Mom=$-0.66) | YES=$0.505 ($0.50/0.51) NO=$0.495 ($0.49/0.50)
2026-07-03 10:36:28.223 | INFO     | __main__:main:317 - ============================================================
2026-07-03 10:36:28.223 | INFO     | __main__:main:318 -   POLYMARKET BOT
2026-07-03 10:36:28.223 | INFO     | __main__:main:319 -   Mode:   LIVE
2026-07-03 10:36:28.223 | INFO     | __main__:main:320 -   Assets: BTC, ETH
2026-07-03 10:36:28.223 | INFO     | __main__:main:321 -   Account: $121.00
2026-07-03 10:36:28.223 | INFO     | __main__:main:322 - ============================================================
2026-07-03 10:36:28.223 | INFO     | polymarket_bot.clob_client:start:213 - ClobBookCache: WebSocket streaming started
2026-07-03 10:36:28.224 | INFO     | __main__:main:335 - Warming up WebSocket feeds (3s)...
2026-07-03 10:36:28.224 | INFO     | polymarket_bot.price_feed:_listen_loop:131 - Connecting to Bybit WebSocket at wss://stream.bybit.com/v5/public/spot...
2026-07-03 10:36:29.081 | INFO     | polymarket_bot.clob_client:_stream_loop:232 - ClobBookCache: Polymarket WS connected
2026-07-03 10:36:29.578 | INFO     | polymarket_bot.price_feed:_listen_loop:134 - Connected to Bybit public Spot WebSocket.
2026-07-03 10:36:29.580 | INFO     | polymarket_bot.price_feed:_listen_loop:139 - Subscribed to Bybit orderbook + trade topics: ['orderbook.1.BTCUSDT', 'orderbook.1.ETHUSDT', 'publicTrade.BTCUSDT', 'publicTrade.ETHUSDT']
2026-07-03 10:36:31.268 | INFO     | polymarket_bot.dashboard:start_dashboard:764 - 🟢 Dashboard UI running on http://0.0.0.0:8080
2026-07-03 10:36:31.269 | INFO     | __main__:trade_loop:52 - Trade loop started
2026-07-03 10:36:31.272 | INFO     | __main__:monitor_loop:258 - Position monitor loop started
2026-07-03 10:36:37.718 | INFO     | polymarket_bot.market:_fetch_market_by_slug:134 -   📍 ETH market found via slug | UP=3240312212... DOWN=5682195304... | liquidity=$6818
2026-07-03 10:36:37.872 | INFO     | polymarket_bot.market:_fetch_market_by_slug:134 -   📍 BTC market found via slug | UP=2103722270... DOWN=1045496447... | liquidity=$17847
2026-07-03 10:36:37.873 | INFO     | polymarket_bot.clob_client:subscribe:195 - ClobBookCache: Token subscription list changed. Reconnecting to WS...
2026-07-03 10:36:38.373 | INFO     | polymarket_bot.clob_client:_stream_loop:232 - ClobBookCache: Polymarket WS connected
2026-07-03 10:36:38.374 | INFO     | polymarket_bot.clob_client:_stream_loop:240 - ClobBookCache: Subscribed to 4 tokens on connect
2026-07-03 10:36:38.678 | INFO     | __main__:trade_loop:243 - Heartbeat | Cash=$121.00 PnL=$+0.00 (W/L: 0/0) | Elapsed: 91s | BTC: Spot=$61,561.05 (Mom=$-16.00) | YES=$0.505 ($0.50/0.51) NO=$0.495 ($0.49/0.50) | ETH: Spot=$1,721.55 (Mom=$-0.26) | YES=$0.505 ($0.50/0.51) NO=$0.495 ($0.49/0.50)
2026-07-03 10:37:09.737 | INFO     | __main__:trade_loop:243 - Heartbeat | Cash=$121.00 PnL=$+0.00 (W/L: 0/0) | Elapsed: 129s | BTC: Spot=$61,562.05 (Mom=$-4.40) | YES=$0.505 ($0.50/0.51) NO=$0.495 ($0.49/0.50) | ETH: Spot=$1,721.84 (Mom=$+0.29) | YES=$0.505 ($0.50/0.51) NO=$0.495 ($0.49/0.50)
2026-07-03 10:37:41.094 | INFO     | __main__:trade_loop:243 - Heartbeat | Cash=$121.00 PnL=$+0.00 (W/L: 0/0) | Elapsed: 161s | BTC: Spot=$61,575.05 (Mom=$+13.00) | YES=$0.505 ($0.50/0.51) NO=$0.495 ($0.49/0.50) | ETH: Spot=$1,722.36 (Mom=$+0.62) | YES=$0.505 ($0.50/0.51) NO=$0.495 ($0.49/0.50)
2026-07-03 10:38:12.465 | INFO     | __main__:trade_loop:243 - Heartbeat | Cash=$121.00 PnL=$+0.00 (W/L: 0/0) | Elapsed: 192s | BTC: Spot=$61,569.15 (Mom=$-5.90) | YES=$0.515 ($0.51/0.52) NO=$0.485 ($0.48/0.49) | ETH: Spot=$1,721.45 (Mom=$-0.94) | YES=$0.505 ($0.50/0.51) NO=$0.495 ($0.49/0.50)
2026-07-03 10:38:43.800 | INFO     | __main__:trade_loop:243 - Heartbeat | Cash=$121.00 PnL=$+0.00 (W/L: 0/0) | Elapsed: 223s | BTC: Spot=$61,574.75 (Mom=$+5.60) | YES=$0.515 ($0.51/0.52) NO=$0.485 ($0.48/0.49) | ETH: Spot=$1,721.68 (Mom=$+0.20) | YES=$0.505 ($0.50/0.51) NO=$0.495 ($0.49/0.50)
2026-07-03 10:39:18.781 | INFO     | __main__:trade_loop:243 - Heartbeat | Cash=$121.00 PnL=$+0.00 (W/L: 0/0) | Elapsed: 256s | BTC: Spot=$61,589.35 (Mom=$+8.30) | YES=$0.515 ($0.51/0.52) NO=$0.485 ($0.48/0.49) | ETH: Spot=$1,721.66 (Mom=$-0.11) | YES=$0.515 ($0.51/0.52) NO=$0.485 ($0.48/0.49)
